{
  "pages/account/edit": "{{inject 'passwordRequirements' settings.password_requirements}}\n{{#partial \"page\"}}\n<div class=\"account account--fixed\">\n    {{> components/common/breadcrumbs breadcrumbs=breadcrumbs}}\n    <h1 class=\"page-heading\">{{lang 'account.settings.heading' }}</h1>\n    {{> components/account/navigation account_page='settings'}}\n    {{#if forms.edit_account.error}}\n    {{> components/common/alert-error forms.edit_account.error}}\n    {{/if}}\n    {{#if forms.edit_account.success}}\n    {{> components/common/alert-success forms.edit_account.success}}\n    {{/if}}\n    {{> components/account/edit-account}}\n</div>\n{{/partial}}\n{{> layout/base}}\n",
  "components/common/breadcrumbs": "<ul class=\"breadcrumbs\" itemscope itemtype=\"https://schema.org/BreadcrumbList\">\n    {{#each breadcrumbs}}\n        {{#if url}}\n            <li class=\"breadcrumb {{#if @last}}is-active{{/if}}\" itemprop=\"itemListElement\" itemscope itemtype=\"https://schema.org/ListItem\">\n                <a data-instantload href=\"{{url}}\" class=\"breadcrumb-label\" itemprop=\"item\">\n                    <span itemprop=\"name\">{{name}}</span>\n                    <meta itemprop=\"position\" content=\"{{@index}}\" />\n                </a>\n            </li>\n        {{else}}\n            <li class=\"breadcrumb {{#if @last}}is-active{{/if}}\">\n                <span class=\"breadcrumb-label\">{{name}}</span>\n            </li>\n        {{/if}}\n    {{/each}}\n</ul>\n",
  "components/account/navigation": "<nav class=\"navBar navBar--sub navBar--account\">\n    <ul class=\"navBar-section\">\n        {{#if account_page '===' 'orders'}}\n            {{#if page_type '===' 'account_order'}}\n                <li class=\"navBar-item is-active\">\n                    <a class=\"navBar-action\" href=\"{{urls.account.orders.all}}\">{{lang 'account.nav.orders'}}</a>\n                </li>\n            {{else}}\n                <li class=\"navBar-item is-active\">{{lang 'account.nav.orders'}}</li>\n            {{/if}}\n        {{else}}\n            <li class=\"navBar-item\">\n                <a class=\"navBar-action\" href=\"{{urls.account.orders.all}}\">{{lang 'account.nav.orders'}}</a>\n            </li>\n        {{/if}}\n        {{#if settings.returns_enabled}}\n            {{#if account_page '===' 'returns'}}\n                <li class=\"navBar-item is-active\">{{lang 'account.nav.returns'}}</li>\n            {{else}}\n                <li class=\"navBar-item\">\n                    <a class=\"navBar-action\" href=\"{{urls.account.returns}}\">{{lang 'account.nav.returns'}}</a>\n                </li>\n            {{/if}}\n        {{/if}}\n        {{#if account_page '===' 'messages'}}\n            <li class=\"navBar-item is-active\">{{lang 'account.nav.messages' num_new_messages=customer.num_new_messages}}</li>\n        {{else}}\n            <li class=\"navBar-item\">\n                <a class=\"navBar-action\" href=\"{{urls.account.inbox}}\">{{lang 'account.nav.messages' num_new_messages=customer.num_new_messages}}</a>\n            </li>\n        {{/if}}\n        {{#if account_page '===' 'addresses'}}\n            <li class=\"navBar-item is-active\">{{lang 'account.nav.addresses'}}</li>\n        {{else}}\n            <li class=\"navBar-item\">\n                <a class=\"navBar-action\" href=\"{{urls.account.addresses}}\">{{lang 'account.nav.addresses'}}</a>\n            </li>\n        {{/if}}\n        {{#if settings.show_payment_methods}}\n            {{#if account_page '===' 'payment_methods'}}\n                <li class=\"navBar-item is-active\">{{lang 'account.nav.payment_methods'}}</li>\n            {{else}}\n                <li class=\"navBar-item\">\n                    <a class=\"navBar-action\" href=\"{{urls.account.payment_methods.all}}\">{{lang 'account.nav.payment_methods'}}</a>\n                </li>\n            {{/if}}\n        {{/if}}\n        {{#if settings.show_wishlist}}\n            {{#if account_page '===' 'wishlists'}}\n                <li class=\"navBar-item is-active\">{{lang 'account.nav.wishlists' num_wishlists=customer.num_wishlists}}</li>\n            {{else}}\n                <li class=\"navBar-item\">\n                    <a class=\"navBar-action\" href=\"{{urls.account.wishlists.all}}\">{{lang 'account.nav.wishlists' num_wishlists=customer.num_wishlists}}</a>\n                </li>\n            {{/if}}\n        {{/if}}\n        {{#if account_page '===' 'recent_items'}}\n            <li class=\"navBar-item is-active\">{{lang 'account.nav.recently_viewed'}}</li>\n        {{else}}\n            <li class=\"navBar-item\">\n                <a class=\"navBar-action\" href=\"{{urls.account.recent_items}}\">{{lang 'account.nav.recently_viewed'}}</a>\n            </li>\n        {{/if}}\n        {{#if account_page '===' 'settings'}}\n            <li class=\"navBar-item is-active\">{{lang 'account.nav.settings'}}</li>\n        {{else}}\n            <li class=\"navBar-item\">\n                <a class=\"navBar-action\" href=\"{{urls.account.details}}\">{{lang 'account.nav.settings'}}</a>\n            </li>\n        {{/if}}\n    </ul>\n</nav>\n",
  "components/common/alert-error": "<div class=\"alertBox alertBox--error\">\n    <div class=\"alertBox-column alertBox-icon\">\n        <icon glyph=\"ic-error\" class=\"icon\" aria-hidden=\"true\"><svg xmlns=\"http://www.w3.org/2000/svg\" width=\"24\" height=\"24\" viewBox=\"0 0 24 24\"><path d=\"M12 2C6.48 2 2 6.48 2 12s4.48 10 10 10 10-4.48 10-10S17.52 2 12 2zm1 15h-2v-2h2v2zm0-4h-2V7h2v6z\"></path></svg></icon>\n    </div>\n    <p class=\"alertBox-column alertBox-message\">\n        <span>{{{this}}}</span>\n    </p>\n</div>\n",
  "components/common/alert-success": "<div class=\"alertBox alertBox--success\">\n    <div class=\"alertBox-column alertBox-icon\">\n        <icon glyph=\"ic-success\" class=\"icon\" aria-hidden=\"true\"><svg xmlns=\"http://www.w3.org/2000/svg\" width=\"24\" height=\"24\" viewBox=\"0 0 24 24\"><path d=\"M12 2C6.48 2 2 6.48 2 12s4.48 10 10 10 10-4.48 10-10S17.52 2 12 2zm1 15h-2v-2h2v2zm0-4h-2V7h2v6z\"></path></svg></icon>\n    </div>\n    <p class=\"alertBox-column alertBox-message\">\n        <span>{{{this}}}</span>\n    </p>\n</div>\n",
  "components/account/edit-account": "<form action=\"{{urls.account.update_action}}\" data-edit-account-form class=\"form\" method=\"post\">\n    {{inject 'firstName' (lang 'forms.validate.account.edit.first_name')}}\n    {{inject 'lastName' (lang 'forms.validate.account.edit.last_name')}}\n    {{inject 'phoneNumber' (lang 'forms.validate.account.edit.phone')}}\n    {{inject 'currentPassword' (lang 'forms.validate.account.edit.password')}}\n    <fieldset class=\"form-fieldset\">\n        <div class=\"form-row form-row--half\">\n            <div class=\"form-field\">\n                <label class=\"form-label\" for=\"account_firstname\">\n                    {{lang 'account.settings.first_name' }}\n                    <small>{{lang 'common.required' }}</small>\n                </label>\n                <input type=\"text\" class=\"form-input\" name=\"account_firstname\" id=\"account_firstname\" value=\"{{forms.edit_account.first_name}}\">\n            </div>\n            <div class=\"form-field\">\n                <label class=\"form-label\" for=\"account_lastname\">\n                    {{lang 'account.settings.last_name' }}\n                    <small>{{lang 'common.required' }}</small>\n                </label>\n                <input type=\"text\" class=\"form-input\" name=\"account_lastname\" id=\"account_lastname\" value=\"{{forms.edit_account.last_name}}\">\n            </div>\n            <div class=\"form-field\">\n                <label class=\"form-label\" for=\"account_companyname\">\n                    {{lang 'account.settings.company' }}\n                </label>\n                <input type=\"text\" class=\"form-input\" name=\"account_companyname\" id=\"account_companyname\" value=\"{{forms.edit_account.company_name}}\">\n            </div>\n            <div class=\"form-field\">\n                <label class=\"form-label\" for=\"account_phone\">\n                    {{lang 'account.settings.phone' }}\n                </label>\n                <input type=\"text\" class=\"form-input\" name=\"account_phone\" id=\"account_phone\" value=\"{{forms.edit_account.phone}}\">\n            </div>\n            {{#each forms.edit_account.fields}}\n                {{{dynamicComponent 'components/common/forms'}}}\n            {{/each}}\n        </div>\n    </fieldset>\n    <div class=\"form-actions\">\n        <button class=\"button button--primary\">{{lang 'account.settings.update_details'}}</button>\n    </div>\n</form>\n",
  "layout/base": "<!DOCTYPE html>\n<html class=\"no-js\" lang=\"{{ locale_name }}\">\n    <head>\n        <title>{{ head.title }}</title>\n        {{{ resourceHints }}}\n        {{{ head.meta_tags }}}\n        {{{ head.config }}}\n        {{#block \"head\"}} {{/block}}\n       \n        <link href=\"{{ head.favicon }}\" rel=\"shortcut icon\">\n        <meta name=\"viewport\" content=\"width=device-width, initial-scale=1, maximum-scale=1\">\n\n        <script>\n            {{!-- Change document class from no-js to js so we can detect this in css --}}\n            document.documentElement.className = document.documentElement.className.replace('no-js', 'js');\n        </script>\n\n        {{> components/common/polyfill-script }}\n        <script>window.consentManagerTranslations = `{{{langJson 'consent_manager'}}}`;</script>\n        \n        {{!-- Load Lazysizes script ASAP so images will appear --}}\n        <script>\n            {{!-- Only load visible elements until the onload event fires, after which preload nearby elements. --}}\n            window.lazySizesConfig = window.lazySizesConfig || {};\n            window.lazySizesConfig.loadMode = 1;\n        </script>\n        <script async src=\"{{cdn 'assets/dist/theme-bundle.head_async.js'}}\"></script>\n\n        {{#if theme_settings.csspreload '===' 'performance'}}\n            <script>document.write('{{{ getFontsCollection }}}'.replace('rel=\"stylesheet\"', 'rel=\"preload\" as=\"style\" onload=\"this.onload=null;this.rel=\\'stylesheet\\'\"'));</script>\n            <noscript>{{ getFontsCollection }}</noscript>\n\n            {{{stylesheet '/assets/css/theme.css'}}}\n\n            <script>\n                window.lazySizesConfig.loadHidden = false;\n                window.lazySizesConfig.expand = 0;\n            </script>\n            {{> components/papa-supermarket/common/cssrelpreload}}\n\n        {{else if theme_settings.csspreload '===' 'speedtest'}}\n            <meta class=\"foundation-data-attribute-namespace\">\n            <style id=\"themeCSSPreload\">\n                meta.foundation-data-attribute-namespace { font-family: false }\n                body { visibility: hidden !important }\n                .emthemesModez-header-userSection > .container { transition: none !important }\n            </style>\n\n            {{! stylesheet '/assets/css/theme.css' rel=\"preload\" as=\"style\" onload=\"this.onload=null;this.rel='stylesheet';setTimeout(function() {var el = document.getElementById('themeCSSPreload');el.parentNode.removeChild(el); }, 10);\" }}\n            {{{stylesheet '/assets/css/theme.css' rel=\"preload\" as=\"style\" onload=\"this.onload=null;this.rel='stylesheet';var el = document.getElementById('themeCSSPreload');el.parentNode.removeChild(el);window.themeCSSLoaded\"}}}\n            <noscript>{{{stylesheet '/assets/css/theme.css'}}}</noscript>\n\n            <script>document.write('{{{ getFontsCollection }}}'.replace('rel=\"stylesheet\"', 'rel=\"preload\" as=\"style\" onload=\"this.onload=null;this.rel=\\'stylesheet\\'\"'));</script>\n            <noscript>{{ getFontsCollection }}</noscript>\n            \n            <script>\n                window.lazySizesConfig.loadHidden = false;\n                window.lazySizesConfig.expand = 0;\n            </script>\n            {{> components/papa-supermarket/common/cssrelpreload}}\n\n        {{else}}\n            <script src=\"https://ajax.googleapis.com/ajax/libs/webfont/1.6.26/webfont.js\"></script>\n\n            <script>\n                WebFont.load({\n                    custom: {\n                        families: ['Karla', 'Roboto', 'Source Sans Pro', 'Poppins', 'Barlow', 'Rubik', 'Libre Baskerville', 'Quicksand', 'Montserrat', 'Open Sans', 'Volkhov', 'Caveat']\n                    },\n                    classes: false\n                });\n            </script>\n            \n            {{ getFontsCollection }}\n            {{{stylesheet '/assets/css/theme.css'}}}\n        {{/if}}\n        \n        {{{head.scripts}}}\n\n        <link rel=\"preload\" href=\"{{cdn 'assets/dist/theme-bundle.main.js'}}\" as=\"script\">\n        <link rel=\"preload\" href=\"{{cdn 'assets/dist/theme-bundle.chunk.vendors.js'}}\" as=\"script\">\n        <link rel=\"stylesheet\" href=\"https://cdnjs.cloudflare.com/ajax/libs/font-awesome/5.1.0-10/css/all.css\" integrity=\"sha512-Dj9pt3sZROOuTTs9S89ykGZeu1XQgWKg3DVpu5tZALApsrWdd3tnVjTclUuVONaHM4O8GgCnjSbHlTKXrd2OWg==\" crossorigin=\"anonymous\" referrerpolicy=\"no-referrer\" />\n        \n        <link href=\"https://unpkg.com/aos@2.3.1/dist/aos.css\" rel=\"stylesheet\"> \n        <script src=\"https://unpkg.com/aos@2.3.1/dist/aos.js\"></script>   \n        <link href=\"https://unpkg.com/tailwindcss@^1.0/dist/tailwind.min.css\" rel=\"stylesheet\"> \n    \n        {{~inject 'themeSettings' theme_settings}}\n        {{~inject 'genericError' (lang 'common.generic_error')}}\n        {{~inject 'maintenanceMode' settings.maintenance}}\n        {{~inject 'urls' urls}}\n        {{~inject 'secureBaseUrl' settings.secure_base_url}}\n        {{~inject 'cartId' cart_id}}\n        {{~inject 'template' template}}\n        {{~inject 'pageType' page_type}}\n        {{~inject 'validationDictionaryJSON' (langJson 'validation_messages')}}\n        {{~inject 'validationFallbackDictionaryJSON' (langJson 'validation_fallback_messages')}}\n        {{~inject 'validationDefaultDictionaryJSON' (langJson 'validation_default_messages')}}\n        {{~inject 'ajaxAddToCartEnterQty' (lang 'bulk_order.validate.enter_qty')}}\n        {{~inject 'bulkOrderEnterQty' (lang 'bulk_order.validate.enter_qty')}}\n        {{~inject 'compareAddonLang_compare' (lang 'common.compare')}}\n        {{~inject 'compareAddonLang_quick_view' (lang 'products.quick_view')}}\n        {{~inject 'compareAddonLang_remove' (lang 'compare.remove')}}\n        {{~inject 'compareAddonLang_clear_all' (lang 'compare.clear_all')}}\n        {{~inject 'categoryId' category.id}}\n        {{#if theme_settings.navPages_autoFit}}\n            {{~inject 'txtNavMore' (lang 'common.nav_more')}}\n        {{/if}}\n        {{{snippet 'htmlhead'}}}\n    </head>\n    <body class=\"csscolumns papaSupermarket-layout--{{theme_settings.layout}} \n        papaSupermarket-style--{{theme_settings.style}}\n        papaSupermarket-pageType--{{dashcase page_type}} \n        papaSupermarket-page--{{dashcase template}} \n        {{#if theme_settings.product_uniform}}emthemesModez-productUniform{{/if}}\n        {{#if theme_settings.hide_loading_bar}}papaSupermarket--hideLoadingBar{{/if}}\n        {{#if theme_settings.hide_content_navigation}}papaSupermarket--hideContentNav{{/if}}\n        {{#if theme_settings.show_allcategories_menu}}papaSupermarket--showAllCategoriesMenu{{/if}}\n        {{#if theme_settings.show_subcategories_menu}}papaSupermarket--showSubcategoriesMenu{{/if}}\n        {{#if product_results.faceted_search_enabled}}has-faceted{{/if}}\n        {{#if category.faceted_search_enabled}}has-faceted{{/if}}\n        {{#if brands.faceted_search_enabled}}has-faceted{{/if}}\n        {{#if brand.faceted_search_enabled}}has-faceted{{/if}}\n        {{#if result_count '>' 0}}has-result{{/if}}\n        \" id=\"topOfPage\">\n\n        {{#if theme_settings.fb_page '!==' ''}}\n        <!-- Facebook SDK -->\n        <div id=\"fb-root\"></div>\n        <script async defer crossorigin=\"anonymous\" src=\"https://connect.facebook.net/en_US/sdk.js#xfbml=1&version=v7.0&appId=378187145615477&autoLogAppEvents=1\" nonce=\"VinhY3Lb\"></script>\n        {{/if}}\n\n        {{{snippet 'header'}}}\n        <svg data-src=\"{{cdn 'img/icon-sprite.svg'}}\" class=\"icons-svg-sprite\"></svg>\n\n        {{> components/common/header }}\n        {{> components/common/body }}\n        {{> components/common/footer }}\n\n        <script>window.__webpack_public_path__ = \"{{cdn 'assets/dist/'}}\";</script>\n        <script src=\"{{cdn 'assets/dist/theme-bundle.main.js'}}\"></script>\n        <script src=\"{{cdn 'assets/dist/theme-bundle.chunk.vendors.js'}}\"></script>\n        <script>\n            {{!-- Exported in app.js --}}\n            window.stencilBootstrap(\"{{page_type}}\", {{jsContext}}).load();\n        </script>\n\n        {{{footer.scripts}}}\n        {{{snippet 'footer'}}}\n        <script src=\"https://ajax.googleapis.com/ajax/libs/jquery/3.6.0/jquery.min.js\"></script>\n    </body>\n</html>\n",
  "components/common/polyfill-script": "<script>\n    {{!--\n        Check for modern browser features, and load polyfills if browser does not appear to support features\n        we need.\n\n            Polyfill approach is all or nothing - please import needed polyfills in /assets/js/polyfills.js\n\n        Inspired by https://philipwalton.com/articles/loading-polyfills-only-when-needed/\n            --}}\n    function browserSupportsAllFeatures() {\n        return window.Promise\n            && window.fetch\n            && window.URL\n            && window.URLSearchParams\n            && window.WeakMap\n            // object-fit support\n            && ('objectFit' in document.documentElement.style);\n    }\n\n    function loadScript(src) {\n        var js = document.createElement('script');\n        js.src = src;\n        js.onerror = function () {\n            console.error('Failed to load polyfill script ' + src);\n        };\n        document.head.appendChild(js);\n    }\n\n    if (!browserSupportsAllFeatures()) {\n        loadScript('{{cdn 'assets/dist/theme-bundle.polyfills.js'}}');\n    }\n</script>\n",
  "components/papa-supermarket/common/cssrelpreload": "<script>!function(n){\"use strict\";n.loadCSS||(n.loadCSS=function(){});var o=loadCSS.relpreload={};if(o.support=function(){var e;try{e=n.document.createElement(\"link\").relList.supports(\"preload\")}catch(t){e=!1}return function(){return e}}(),o.bindMediaToggle=function(t){var e=t.media||\"all\";function a(){t.addEventListener?t.removeEventListener(\"load\",a):t.attachEvent&&t.detachEvent(\"onload\",a),t.setAttribute(\"onload\",null),t.media=e}t.addEventListener?t.addEventListener(\"load\",a):t.attachEvent&&t.attachEvent(\"onload\",a),setTimeout(function(){t.rel=\"stylesheet\",t.media=\"only x\"}),setTimeout(a,3e3)},o.poly=function(){if(!o.support())for(var t=n.document.getElementsByTagName(\"link\"),e=0;e<t.length;e++){var a=t[e];\"preload\"!==a.rel||\"style\"!==a.getAttribute(\"as\")||a.getAttribute(\"data-loadcss\")||(a.setAttribute(\"data-loadcss\",!0),o.bindMediaToggle(a))}},!o.support()){o.poly();var t=n.setInterval(o.poly,500);n.addEventListener?n.addEventListener(\"load\",function(){o.poly(),n.clearInterval(t)}):n.attachEvent&&n.attachEvent(\"onload\",function(){o.poly(),n.clearInterval(t)})}\"undefined\"!=typeof exports?exports.loadCSS=loadCSS:n.loadCSS=loadCSS}(\"undefined\"!=typeof global?global:this);</script>\n",
  "components/common/header": "{{#or banners.top_metadata theme_settings.instantload}}\r\n<div class=\"banners\" data-banner-location=\"top\">\r\n    {{#if settings.data_tag_enabled}}\r\n        {{#each banners.top_metadata}}\r\n            {{#if (occurrences this.content 'emthemesModezBannersBlock') '===' 0}}\r\n                <div class=\"banner\">\r\n                    {{{this.content}}}\r\n                </div>\r\n            {{/if}}\r\n        {{/each}}\r\n    {{else}}\r\n        {{#each banners.top_metadata}}\r\n            {{#if (occurrences this.content 'emthemesModezBannersBlock') '===' 0}}\r\n                <div class=\"banner\" data-event-type=\"promotion\" data-entity-id=\"{{this.id}}\" data-name=\"{{this.banner-name}}\" data-position=\"{{this.location}}\" data-banner-id=\"{{this.banner-name}}\">\r\n                    <div data-event-type=\"promotion-click\">\r\n                        {{{this.content}}}\r\n                    </div>\r\n                </div>\r\n            {{/if}}\r\n        {{/each}}\r\n    {{/if}}\r\n</div>\r\n{{/or}}\r\n{{#if theme_settings.bannerAdvTopHeader '===' 'all'}}\r\n    <div data-emthemesmodez-remote-banner=\"emthemesModezBannersBlockAdvTopHeader\"></div>\r\n{{else if theme_settings.bannerAdvTopHeader '===' 'nothome'}}\r\n    {{#if page_type '!==' 'default'}}\r\n    <div data-emthemesmodez-remote-banner=\"emthemesModezBannersBlockAdvTopHeader\"></div>\r\n    {{/if}}\r\n{{/if}}\r\n<header class=\"header\" role=\"banner\" {{#if theme_settings.header_sticky '===' 'all'}} data-stickymenu{{/if}}>\r\n    <a href=\"#\" class=\"mobileMenu-toggle\" data-mobile-menu-toggle=\"menu\">\r\n        <span class=\"mobileMenu-toggleIcon\">Toggle menu</span>\r\n    </a>\r\n\r\n    <div class=\"emthemesModez-header-topSection\">\r\n        <div class=\"container\">\r\n            {{> components/common/navigation-top}}\r\n        </div>\r\n    </div>\r\n\r\n    <div class=\"emthemesModez-header-userSection emthemesModez-header-userSection--logo-{{theme_settings.logo-position}}\"{{#if theme_settings.header_sticky '===' 'search'}} data-stickymenu{{/if}}>\r\n        <div class=\"container\">\r\n            {{> components/common/navigation}}\r\n             \r\n            {{#if template_file '===' 'pages/home'}}\r\n                <h1 class=\"header-logo header-logo--{{theme_settings.logo-position}}\">\r\n                    {{> components/common/store-logo}}\r\n                </h1>\r\n            {{else}}\r\n                <div class=\"header-logo header-logo--{{theme_settings.logo-position}}\">\r\n                    {{> components/common/store-logo}}\r\n                </div>\r\n            {{/if}}\r\n            <div class=\"phone-call-us text-center\">\r\n                <span class=\"text-white text-base\">Need Help? Phone call us<br><strong class=\"font-bolder text-2xl\">(305)-436-9220</strong></span>\r\n            </div> \r\n            {{> components/common/quick-search}}\r\n            <div class=\"account-container\">\r\n                <a href=\"/login.php\" class=\"navUser-action\">\r\n                    <i class=\"far fa-user text-5xl\"></i>\r\n                    Account\r\n                </a>\r\n              \r\n              \r\n            </div>\r\n           \r\n        </div>\r\n    </div>\r\n    \r\n    <div class=\"navPages-container{{#if theme_settings.navPages_bg_stretch}} navPages-container--bg{{/if}}\" id=\"menu\" data-menu>\r\n        <div class=\"container\">\r\n            {{> components/common/navigation-menu}}\r\n        </div>\r\n    </div>\r\n\r\n</header>\r\n\r\n{{> components/common/quick-search style=\"mobileOnly\"}}\r\n\r\n<div class=\"dropdown dropdown--quickSearch\" id=\"quickSearch\" aria-hidden=\"true\" tabindex=\"-1\" data-prevent-quick-search-close>\r\n    <div class=\"container\">\r\n        <section class=\"quickSearchResults\" data-bind=\"html: results\"></section>\r\n    </div>\r\n</div>\r\n<div class=\"emthemesModez-overlay\"></div>\r\n\r\n{{{region name=\"header_bottom--global\"}}}\r\n{{{region name=\"header_bottom\"}}}\r\n\r\n{{#if theme_settings.bannerAfterHeader '===' 'all'}}\r\n    <div data-emthemesmodez-remote-banner=\"emthemesModezBannersBlockAfterHeader\"></div>\r\n{{else if theme_settings.bannerAfterHeader '===' 'nothome'}}\r\n    {{#if page_type '!==' 'default'}}\r\n        <div data-emthemesmodez-remote-banner=\"emthemesModezBannersBlockAfterHeader\"></div>\r\n    {{/if}}\r\n{{else if theme_settings.bannerAfterHeader '===' 'onlyhome'}}\r\n    {{#if banners.top_metadata}}\r\n        {{#each banners.top_metadata}}\r\n            {{#if (occurrences this.content 'emthemesModezBannersBlockAfterHeader') '!==' 0}}\r\n                {{{this.content}}}\r\n            {{/if}}\r\n        {{/each}}\r\n    {{/if}}\r\n{{/if}}\r\n",
  "components/common/body": "<div class=\"body\" data-currency-code=\"{{currency_selector.active_currency_code}}\">\n    {{#block \"hero\"}} {{/block}}\n    <div class=\"container\">\n        {{#block \"page\"}} {{/block}}\n    </div>\n    {{> components/common/modal}}\n    {{> components/common/alert-modal}}\n</div>\n\n<div class=\"scrollToTop\">\n    <a href=\"#topOfPage\" class=\"button u-hiddenVisually\" id=\"scrollToTopFloatingButton\" title=\"{{lang 'common.top_of_page'}}\"><i class=\"fa fa-chevron-up\"></i></a>\n</div>\n",
  "components/common/footer": "\n{{#or banners.bottom theme_settings.instantload}}\n<div class=\"container\">\n    {{#if settings.data_tag_enabled}}\n        <div class=\"banners banners--bottom\" data-banner-location=\"bottom\">\n            {{#each (limit banners.bottom_metadata 1)}}\n                <div class=\"banner\" data-event-type=\"promotion\" data-entity-id=\"{{this.id}}\" data-name=\"{{this.banner-name}}\" data-position=\"{{this.location}}\" data-name=\"{{this.banner-name}}\">\n                    <div data-event-type=\"promotion-click\">\n                        {{{this.content}}}\n                    </div>\n                </div>\n            {{/each}}\n        </div>\n    {{else}}\n        <div class=\"banners banners--bottom\" data-banner-location=\"bottom\">\n            <div class=\"banner\">\n                {{{limit banners.bottom 1}}}\n            </div>\n        </div>\n    {{/if}}\n</div>\n{{/or}}\n\n{{{region name=\"footer_before\"}}}\n{{{region name=\"footer_before--global\"}}}\n\n{{#if settings.show_newsletter_box}}\n    {{#if theme_settings.nl_popup_show '===' 'home'}}\n        {{#if page_type '===' 'default'}}\n            {{> components/emthemes-modez/newsletter/modal}}\n        {{/if}}\n    {{else if theme_settings.nl_popup_show '===' 'all'}}\n        {{> components/emthemes-modez/newsletter/modal}}\n    {{/if}}\n{{/if}}\n\n<footer class=\"footer\" role=\"contentinfo\">\n    {{#if settings.show_newsletter_box}}\n    {{#if theme_settings.footer_show_newsletter}}\n    <div class=\"emthemesModez-footer-topColumns-wrapper\">\n        <div class=\"container\">\n            <div class=\"emthemesModez-footer-topColumns\">\n                <div class=\"emthemesModez-footer-newsletter\">\n                    {{> components/emthemes-modez/newsletter/section}}\n                </div>\n            </div>\n        </div>\n    </div>\n    {{/if}}\n    {{/if}}\n\n    {{{region name=\"newsletter_below\"}}}\n    {{{region name=\"newsletter_below--global\"}}}\n\n\n    <div class=\"container\">\n        <section class=\"footer-info\">\n\n            {{#if theme_settings.footer_show_aboutus}}\n                <article class=\"footer-info-col footer-info-col--about\" data-section-type=\"storeInfo\">\n                    {{{region name=\"footer_before_logo--global\"}}}\n                    <div class=\"footer-info-heading\">\n                        <div class=\"footer-logo\">\n                            {{> components/common/store-logo}}\n                        </div>\n                    </div>\n                    {{{region name=\"footer_below_logo--global\"}}}\n\n                    {{#if theme_settings.footer_show_contact}}\n                        <ul class=\"fa-ul\">\n                            <li><i class=\"fa fa-li fa-map-marker\"></i><address>{{nl2br settings.address}}</address></li>\n                            {{#if settings.phone_number}}\n                            <li><i class=\"fa fa-li fa-phone\"></i><a href=\"tel:{{settings.phone_number}}\">{{lang 'footer.call_us' phone_number=settings.phone_number}}</a></li>\n                            {{/if}}\n                        </ul>\n                    {{/if}}\n\n                    {{#if theme_settings.social_icon_placement_bottom}}\n                        {{> components/common/social-links style=\"alt\"}}\n                    {{/if}}\n\n                    {{{region name=\"footer_below_contact--global\"}}}\n                </article>\n            {{/if}}\n            \n\n            {{#if theme_settings.footer_show_pages '>' -2}}\n                <article class=\"footer-info-col\" data-section-type=\"footer-webPages\">\n                    <h5 class=\"footer-info-heading\">{{lang 'footer.navigate'}}</h5>\n                    <ul class=\"footer-info-list\">\n                        {{#if theme_settings.footer_show_pages '>' -1}}\n                            {{#each (limit pages theme_settings.footer_show_pages)}}\n                                <li>\n                                    <a href=\"{{url}}\">{{name}}</a>\n                                </li>\n                            {{/each}}\n                        {{else}}\n                            {{#each pages}}\n                                <li>\n                                    <a href=\"{{url}}\">{{name}}</a>\n                                </li>\n                            {{/each}}\n                        {{/if}}\n                        <li>\n                            <a href=\"{{urls.sitemap}}\">{{lang 'sitemap.page_title'}}</a>\n                        </li>\n                    </ul>\n                    {{{region name=\"footer_below_pages--global\"}}}\n                </article>\n            {{/if}}\n\n            {{#if theme_settings.footer_show_categories '>' -1}}\n                <article class=\"footer-info-col\" data-section-type=\"footer-categories\">\n                    <h5 class=\"footer-info-heading\">{{lang 'footer.categories'}}</h5>\n                    <ul class=\"footer-info-list\">\n                        {{#if theme_settings.footer_show_categories '>' 0}}\n                            {{#each (limit categories theme_settings.footer_show_categories)}}\n                                <li>\n                                    <a href=\"{{url}}\">{{name}}</a>\n                                </li>\n                            {{/each}}\n                        {{else}}\n                            {{#each categories}}\n                                <li>\n                                    <a href=\"{{url}}\">{{name}}</a>\n                                </li>\n                            {{/each}}\n                        {{/if}}\n                    </ul>\n                    {{{region name=\"footer_below_categories--global\"}}}\n                </article>\n            {{/if}}\n\n            {{#if theme_settings.footer_show_links_1}}\n                {{> components/emthemes-modez/common/footer-links index=1}}\n            {{/if}}\n\n            {{#if theme_settings.footer_show_links_2}}\n                {{> components/emthemes-modez/common/footer-links index=2}}\n            {{/if}}\n            \n            {{#if theme_settings.footer_show_links_3}}\n                {{> components/emthemes-modez/common/footer-links index=3}}\n            {{/if}}\n            \n            {{#if theme_settings.footer_show_links_4}}\n                {{> components/emthemes-modez/common/footer-links index=4}}\n            {{/if}}\n\n\n            {{#if theme_settings.show_shop_by_brand}}\n                <article class=\"footer-info-col footer-info-col--brands\" data-section-type=\"footer-brands\">\n                    <h5 class=\"footer-info-heading\">{{lang 'footer.brands'}}</h5>\n                    <ul class=\"footer-info-list\">\n                        {{#each (limit shop_by_brand theme_settings.show_shop_by_brand)}}\n                            <li>\n                                <a href=\"{{url}}\">{{name}}</a>\n                            </li>\n                        {{/each}}\n                        <li><a href=\"{{urls.brands}}\">{{lang 'common.view_all'}}</a></li>\n                    </ul>\n                    {{{region name=\"footer_below_brands--global\"}}}\n                </article>\n            {{/if}}\n\n        </section>\n        {{{region name=\"footer_below_columns--global\"}}}\n    </div>\n\n    <div class=\"footer-copyright\">\n        <div class=\"container\">\n            <p class=\"powered-by\">\n                {{#if theme_settings.show_copyright_footer}}\n                    &copy; <span id=\"copyright_year\"></span> {{settings.store_name}}.\n                    <script>\n                        document.getElementById(\"copyright_year\").innerHTML = new Date().getFullYear();\n                    </script>\n                {{/if}}\n                {{#if theme_settings.show_powered_by}}\n                    {{lang 'footer.powered_by'}} <a href=\"http://bigcommerce.com\" rel=\"nofollow\">BigCommerce</a>. Theme designed by <a href=\"https://papathemes.com\" rel=\"nofollow\">Papathemes</a>.\n                {{/if}}\n            </p>\n\n            {{> components/common/payment-icons}}\n\n            {{{region name=\"ssl_site_seal--global\"}}}\n        </div>\n    </div>\n</footer>\n\n{{{region name=\"footer_bottom--global\"}}}\n",
  "components/common/forms/checkbox": "<div class=\"form-field\" id=\"{{id}}\" data-validation=\"{{validation}}\" {{#if private_id}}data-type=\"{{private_id}}\"{{/if}}>\n    <label class=\"form-label\" for=\"{{id}}\">{{label}}\n        {{#if required}}\n            <small>{{lang 'common.required' }}</small>\n        {{/if}}\n    </label>\n    {{#if checkboxes}}\n        {{#each checkboxes}}\n            <input type=\"checkbox\" value=\"{{value}}\" name=\"{{name}}\" id=\"{{name}}\" data-label=\"{{label}}\" class=\"form-checkbox\" {{#if checked}}checked{{/if}} {{#if private_id}}data-field-type=\"{{private_id}}\"{{/if}}>\n            <label class=\"form-label {{class}}\" for=\"{{name}}\">{{label}}</label>\n        {{/each}}\n    {{/if}}\n</div>\n",
  "components/common/forms/date": "<div class=\"form-field\" id=\"{{id}}\" data-validation=\"{{validation}}\" {{#if private_id}}data-type=\"{{private_id}}\"{{/if}}>\n    <label class=\"form-label\" for=\"{{id}}\" >{{label}}\n    {{#if required}}<small>{{lang 'common.required' }}</small>{{/if}}</label>\n    <div class=\"form-row form-row--third\">\n        <div class=\"form-field\">\n            <select class=\"form-select\" name=\"{{month.name}}\" id=\"{{id}}_month\" data-label=\"month\"  aria-required=\"{{required}}\" {{#if private_id}}data-field-type=\"{{private_id}}\"{{/if}}>\n                {{#each month.items}}\n                    <option {{#if ../month.value '==' value}} selected {{/if}}value=\"{{value}}\">{{label}}</option>\n                {{/each}}\n            </select>\n        </div>\n        <div class=\"form-field\">\n            <select class=\"form-select\" name=\"{{day.name}}\" id=\"{{id}}_day\" data-label=\"day\" aria-required=\"{{required}}\" {{#if private_id}}data-field-type=\"{{private_id}}\"{{/if}}>\n                {{#each day.items}}\n                    <option {{#if ../day.value '==' value}} selected {{/if}}value=\"{{value}}\">{{label}}</option>\n                {{/each}}\n            </select>\n        </div>\n        <div class=\"form-field\">\n            <select class=\"form-select\" name=\"{{year.name}}\" id=\"{{id}}_year\" data-label=\"year\" aria-required=\"{{required}}\" {{#if private_id}}data-field-type=\"{{private_id}}\"{{/if}}>\n                {{#each year.items}}\n                    <option {{#if ../year.value '==' value}} selected {{/if}}value=\"{{value}}\">{{label}}</option>\n                {{/each}}\n            </select>\n        </div>\n    </div>\n</div>\n",
  "components/common/forms/multiline": "<div class=\"form-field\" id=\"{{id}}\" data-validation=\"{{validation}}\">\n    <label class=\"form-label\" for=\"{{id}}_input\">{{label}}\n        {{#if required}}\n            <small>{{lang 'common.required' }}</small>\n        {{/if}}\n    </label>\n    <textarea name=\"{{name}}\" id=\"{{id}}_input\" data-label=\"{{label}}\" rows=\"{{rows}}\" aria-required=\"{{required}}\" class=\"form-input\" {{#if private_id}}data-field-type=\"{{private_id}}\"{{/if}}>{{value}}</textarea>\n</div>\n",
  "components/common/forms/number": "<div class=\"form-field\" id=\"{{id}}\" data-validation=\"{{validation}}\">\n    <label class=\"form-label\" for=\"{{id}}_input\">{{label}}\n        {{#if required}}<small>{{lang 'common.required' }}</small>{{/if}}\n    </label>\n    <input type=\"number\" class=\"form-input\" data-label=\"{{label}}\" data-rule=\"lowerThan\" min=\"{{limitfrom}}\" max=\"{{limitto}}\" title=\"{{lang 'forms.range' limitFrom=limitfrom limitTo=limitto}}\" value=\"{{value}}\" id=\"{{id}}_input\" name=\"{{name}}\" aria-required=\"{{required}}\" {{#if private_id}}data-field-type=\"{{private_id}}\"{{/if}}>\n</div>\n",
  "components/common/forms/password": "<div class=\"form-field\" id=\"{{id}}\" data-validation=\"{{validation}}\" {{#if private_id}}data-type=\"{{private_id}}\"{{/if}}>\n    <label class=\"form-label\" for=\"{{id}}_input\">{{label}}\n        {{#if required}}\n            <small>{{lang 'common.required' }}</small>\n        {{/if}}\n    </label>\n    <input type=\"password\"  class=\"form-input\" id=\"{{id}}_input\" data-label=\"{{label}}\" name=\"{{name}}\" value=\"{{value}}\" autocomplete=\"off\" aria-required=\"{{required}}\" {{#if private_id}}data-field-type=\"{{private_id}}\"{{/if}}>\n</div>\n",
  "components/common/forms/radio": "<div class=\"form-field\" id=\"{{id}}\" data-validation=\"{{validation}}\">\n    <label class=\"form-label\">{{label}}\n        {{#if required}}\n            <small>{{lang 'common.required' }}</small>\n        {{/if}}\n    </label>\n    {{#if radios}}\n        {{#each radios}}\n            <input \n                type=\"radio\"\n                class=\"form-radio\"\n                name=\"{{../name}}\"\n                id=\"{{../name}}_{{@index}}\"\n                value=\"{{value}}\"\n                data-label=\"{{label}}\"\n                aria-required=\"{{required}}\"\n                {{#if checked}}\n                    checked\n                {{/if}}\n                {{#if private_id}}\n                    data-field-type=\"{{private_id}}\"\n                {{/if}}>\n            <label class=\"form-label\" for=\"{{../name}}_{{@index}}\">{{label}}</label>\n        {{/each}}\n    {{/if}}\n</div>\n",
  "components/common/forms/select": "<div class=\"form-field\" id=\"{{id}}\" data-validation=\"{{validation}}\" {{#if private_id}} data-type=\"{{private_id}}\"\n    {{/if}}>\n    <label class=\"form-label\" for=\"{{id}}_select\">{{label}}\n        {{#if required}}<small>{{lang 'common.required' }}</small>{{/if}}\n    </label>\n    <select class=\"{{class}} form-select\" id=\"{{id}}_select\" data-label=\"{{label}}\" aria-required=\"{{required}}\" name=\"{{name}}\"\n        {{#if private_id}} data-field-type=\"{{private_id}}\" {{/if}}>\n        {{#if options}}\n        <option value=\"\">{{chooseprefix}}</option>\n        {{#each options}}\n        <option {{#if selected}} selected {{/if}} value=\"{{value}}\">{{{label}}}</option>\n        {{/each}}\n        {{/if}}\n    </select>\n</div>\n",
  "components/common/forms/text": "<div class=\"form-field\" id=\"{{id}}\" data-validation=\"{{validation}}\" {{#if private_id}}data-type=\"{{private_id}}\"{{/if}}>\n    <label class=\"form-label\" for=\"{{id}}_input\">{{label}}\n        {{#if required}}<small>{{lang 'common.required' }}</small>{{/if}}\n    </label>\n    <input type=\"text\" id=\"{{id}}_input\" data-label=\"{{label}}\" name=\"{{name}}\" {{#if value}} value=\"{{value}}\"{{/if}} {{#if placeholder}} placeholder=\"{{placeholder}}\"{{/if}} class=\"form-input\" aria-required=\"{{required}}\" {{#if private_id}}data-field-type=\"{{private_id}}\"{{/if}} {{#if maxlength}}maxlength=\"{{maxlength}}\"{{/if}}>\n</div>\n",
  "components/common/forms/selectortext": "<div class=\"form-field\" id=\"{{id}}\" data-validation=\"{{validation}}\" {{#if private_id}}data-type=\"{{private_id}}\"{{/if}}>\n    <noscript>\n        <label class=\"form-label\" for=\"{{id}}_input\">{{label}}\n            {{#if required}}<small>{{lang 'common.required' }}</small>{{/if}}\n        </label>\n        <input type=\"text\" id=\"{{id}}_input\" name=\"{{name}}\" value=\"{{value}}\" class=\"form-input\" aria-required=\"{{required}}\" data-label=\"{{label}}\" />\n    </noscript>\n\n    <label class=\"form-label\" for=\"{{id}}_select\">{{label}}\n        {{#if required}}\n            <small>{{lang 'common.required'}}</small>\n        {{/if}}\n    </label>\n    <select name=\"{{name}}\" class=\"form-select\" aria-required=\"{{required}}\" id=\"{{id}}_select\" data-label=\"{{label}}\" {{#if private_id}}data-field-type=\"{{private_id}}\"{{/if}}>\n        {{#if options}}\n            <option value=\"\">{{chooseprefix}}</option>\n            {{#each options}}\n                <option {{#if selected}} selected {{/if}}value=\"{{value}}\">{{label}}</option>\n            {{/each}}\n        {{/if}}\n    </select>\n</div>\n",
  "components/common/navigation-top": "\r\n<nav class=\"navUser navUser--storeInfo\">\r\n    <ul class=\"navUser-section\">\r\n        {{#if theme_settings.show_welcome_text}}\r\n        <li class=\"navUser-item\">\r\n            <span class=\"font-bold\"><i class=\"fas fa-shield-alt\"></i> {{{lang 'emthemesmodez.top_nav.welcome_text' store_name=settings.store_name}}}</span>\r\n        </li>\r\n        {{/if}}\r\n\r\n        {{#if theme_settings.topHeader_banner1}}\r\n        <li class=\"navUser-item\">\r\n            <div data-emthemesmodez-remote-banner=\"emthemesModezBannersBlockTopHeaderBanner01\"></div>\r\n        </li>\r\n        {{/if}}\r\n    </ul>\r\n</nav>\r\n<nav class=\"navUser\">\r\n    <li class=\"navUser-item font-bold\">\r\n        <i class=\"fas fa-shipping-fast\"></i> Free Shipping on all orders over $40\r\n    </li>\r\n</nav>\r\n<nav class=\"navUser\">\r\n    <li class=\"navUser-item\">\r\n        <a href=\"#\" class=\"navUser-action\">About Us</a>\r\n    </li>\r\n    <li class=\"navUser-item\">\r\n        <a href=\"#\" class=\"navUser-action\">Gift Certificates</a>\r\n    </li>\r\n    <li class=\"navUser-item\">\r\n        <a href=\"#\" class=\"navUser-action\">Wishlist</a>\r\n    </li>\r\n</nav>\r\n\r\n<!--\r\n<nav class=\"navUser\">\r\n\r\n    {{#if theme_settings.topHeader_banner2}}\r\n        <div data-emthemesmodez-remote-banner=\"emthemesModezBannersBlockTopHeaderBanner02\"></div>\r\n    {{/if}}\r\n\r\n    {{> components/common/currency-selector}}\r\n\r\n    {{#or theme_settings.topHeader_address theme_settings.topHeader_phone theme_settings.topHeader_account}}\r\n    <ul class=\"navUser-section\">\r\n        \r\n        {{#if settings.address}}\r\n        {{#if theme_settings.topHeader_address}}\r\n        <li class=\"navUser-item\">\r\n            <span class=\"navUser-action\">\r\n                <span class=\"navUser-item-icon {{lang 'emthemesmodez.top_nav.icon_class1'}}\"></span>\r\n                <span>{{{lang 'emthemesmodez.top_nav.text1' address=settings.address phone_number=settings.phone_number}}}</span>\r\n            </span>\r\n        </li>\r\n        {{/if}}\r\n        {{/if}}\r\n\r\n        {{#if settings.phone_number}}\r\n        {{#if theme_settings.topHeader_phone}}\r\n        <li class=\"navUser-item\">\r\n            <a class=\"navUser-action\" href=\"tel:{{settings.phone_number}}\">\r\n                <span class=\"navUser-item-icon {{lang 'emthemesmodez.top_nav.icon_class2'}}\"></span>\r\n                <span>{{{lang 'emthemesmodez.top_nav.text2' address=settings.address phone_number=settings.phone_number}}}</span>\r\n            </a>\r\n        </li>\r\n        {{/if}}\r\n        {{/if}}\r\n\r\n        {{#if theme_settings.topHeader_account}}\r\n        <li class=\"navUser-item navUser-item--account\">\r\n            {{#if customer}}\r\n                <a class=\"navUser-action\" href=\"{{urls.account.index}}\">\r\n                    <span class=\"navUser-item-icon navUser-item-accountIcon emthemesModez-icon-linear-user\"></span>\r\n                    <span class=\"navUser-item-accountLabel\">{{lang 'common.account'}}</span>\r\n                </a>\r\n                <a class=\"navUser-action\" href=\"{{urls.auth.logout}}\">{{lang 'common.logout'}}</a>\r\n            {{else}}\r\n                <a class=\"navUser-action\" href=\"{{urls.auth.login}}\">\r\n                    <span class=\"navUser-item-icon navUser-item-loginIcon emthemesModez-icon-linear-user\"></span>\r\n                    <span class=\"navUser-item-loginLabel\">{{lang 'common.login'}}</span>\r\n                </a>\r\n                {{#if settings.account_creation_enabled}}\r\n                    <span class=\"navUser-or\">{{lang 'common.or'}}</span> <a class=\"navUser-action\" href=\"{{urls.auth.create_account}}\">{{lang 'common.sign_up'}}</a>\r\n                {{/if}}\r\n            {{/if}}\r\n        </li>\r\n        {{/if}}\r\n    </ul>\r\n    {{/or}}\r\n</nav>\r\n-->",
  "components/common/navigation": "<nav class=\"navUser\">\r\n    \r\n    <ul class=\"navUser-section navUser-section--alt\">\r\n\r\n        {{#unless theme_settings.topHeader_account}}\r\n            <li class=\"navUser-item navUser-item--account\">\r\n                {{#if theme_settings.style '===' 'modern'}}\r\n                    <span class=\"navUser-item-icon navUser-item-accountIcon emthemesModez-icon-linear-user\"></span>\r\n                    <div class=\"navUser-actions\">\r\n                    {{#if customer}}\r\n                        <a class=\"navUser-action\" href=\"{{urls.account.index}}\">\r\n                            <span class=\"navUser-item-accountLabel\">{{lang 'common.account'}}</span>\r\n                        </a>\r\n                        <a class=\"navUser-action\" href=\"{{urls.auth.logout}}\">{{lang 'common.logout'}}</a>\r\n                    {{else}}\r\n                        <a class=\"navUser-action\" href=\"{{urls.auth.login}}\">\r\n                            <span class=\"navUser-item-loginLabel\">{{lang 'common.login'}}</span>\r\n                        </a>\r\n                        {{#if settings.account_creation_enabled}}\r\n                            <a class=\"navUser-action\" href=\"{{urls.auth.create_account}}\">{{lang 'common.sign_up'}}</a>\r\n                        {{/if}}\r\n                    {{/if}}\r\n                    </div>\r\n                {{else}}\r\n                    {{#if customer}}\r\n                        <a class=\"navUser-action\" href=\"{{urls.account.index}}\">\r\n                            <span class=\"navUser-item-icon navUser-item-accountIcon\"><svg class=\"icon\"><use xlink:href=\"#icon-user\" /></svg></span>\r\n                            <span class=\"navUser-item-accountLabel\">{{lang 'common.account'}}</span>\r\n                        </a>\r\n                        <a class=\"navUser-action\" href=\"{{urls.auth.logout}}\">{{lang 'common.logout'}}</a>\r\n                    {{else}}\r\n                        <a class=\"navUser-action\" href=\"{{urls.auth.login}}\">\r\n                            <span class=\"navUser-item-icon navUser-item-loginIcon\"><svg class=\"icon\"><use xlink:href=\"#icon-user\" /></svg></span>\r\n                            <span class=\"navUser-item-loginLabel\">{{lang 'common.login'}}</span>\r\n                        </a>\r\n                        {{#if settings.account_creation_enabled}}\r\n                            <span class=\"navUser-or\">{{lang 'common.or'}}</span> <a class=\"navUser-action\" href=\"{{urls.auth.create_account}}\">{{lang 'common.sign_up'}}</a>\r\n                        {{/if}}\r\n                    {{/if}}\r\n                {{/if}}\r\n            </li>\r\n        {{/unless}}\r\n\r\n        {{#all settings.show_wishlist theme_settings.navUser_wishlist}}\r\n            <li class=\"navUser-item\">\r\n                <a class=\"navUser-action navUser-action--wishlist\" href=\"{{urls.account.wishlists.all}}\">\r\n                    <span class=\"navUser-item-icon navUser-item-wishlistIcon\"><svg class=\"icon\"><use xlink:href=\"#icon-heart\" /></svg></span>\r\n                    <span class=\"navUser-item-wishlistLabel\">{{{lang 'account.nav.wishlists2'}}}</span>\r\n                </a>\r\n            </li>\r\n        {{/all}}\r\n        \r\n        {{#if customer.store_credit.value '>' 0}}\r\n            <li class=\"navUser-item\">\r\n                <a class=\"navUser-action navUser-action--storeCredit\"\r\n                   data-dropdown=\"storeCredit-dropdown\"\r\n                   data-options=\"align:bottom\"\r\n                   href=\"{{urls.cart}}\">\r\n                        <span class=\"navUser-action-divider\">{{lang 'common.store_credit_overview' credit=customer.store_credit.formatted}}</span>\r\n                </a>\r\n                <div class=\"dropdown-menu\" id=\"storeCredit-dropdown\" data-dropdown-content aria-hidden=\"true\">\r\n                    {{{lang 'common.store_credit' store_credit=customer.store_credit.formatted}}}\r\n                </div>\r\n            </li>\r\n        {{/if}}\r\n\r\n        <li class=\"navUser-item navUser-item--compare\">\r\n            <a class=\"navUser-action navUser-action--compare\" href=\"{{urls.compare}}\" data-compare-nav>{{lang 'common.compare'}} <span class=\"countPill countPill--positive countPill--alt\"></span></a>\r\n        </li>\r\n        \r\n        {{#if settings.gift_certificates_enabled}}\r\n            <li class=\"navUser-item\">\r\n                <a class=\"navUser-action navUser-action--giftCert\" href=\"{{urls.gift_certificate.purchase}}\">\r\n                    <span class=\"navUser-item-icon navUser-item-giftCertIcon\"><svg class=\"icon\"><use xlink:href=\"#icon-gift\" /></svg></span>\r\n                    <span class=\"navUser-item-giftCertLabel\">{{{lang 'common.gift_cert2'}}}</span>\r\n                </a>\r\n            </li>\r\n        {{/if}}\r\n\r\n        <li class=\"navUser-item navUser-item--cart\">\r\n\r\n            <a\r\n                class=\"navUser-action navUser-action--cart\"\r\n                data-cart-preview\r\n                data-dropdown=\"cart-preview-dropdown\"\r\n                data-options=\"align:right\"\r\n                href=\"{{urls.cart}}\"\r\n                title=\"{{lang 'common.cart'}}\">\r\n                <span class=\"navUser-item-icon navUser-item-cartIcon\"><svg class=\"icon\"><use xlink:href=\"#icon-cart\" /></svg><span class=\"countPill cart-quantity\"></span></span>\r\n                <span class=\"navUser-item-cartLabel\">{{lang 'common.cart'}}</span> \r\n            </a>\r\n\r\n            <div class=\"dropdown-menu\" id=\"cart-preview-dropdown\" data-dropdown-content aria-hidden=\"true\"></div>\r\n        </li>\r\n    </ul>\r\n</nav>\r\n",
  "components/common/store-logo": "<a href=\"{{urls.home}}\" data-instantload='{\"page\":\"home\"}'>\n    {{#if settings.store_logo.image}}\n        {{#if theme_settings.logo_size '===' 'original'}}\n            <img class=\"header-logo-image-unknown-size\" src=\"{{getImage settings.store_logo.image 'logo_size'}}\" alt=\"{{settings.store_logo.title}}\" title=\"{{settings.store_logo.title}}\">\n        {{else}}\n            <div class=\"header-logo-image-container\">\n                <img class=\"header-logo-image\" src=\"{{getImage settings.store_logo.image 'logo_size'}}\" srcset=\"{{getImageSrcset settings.store_logo.image 1x=theme_settings.logo_size 2x=(concat (multiply (first (split theme_settings.logo_size 'x')) 2) 'w')}}\" alt=\"{{settings.store_logo.title}}\" title=\"{{settings.store_logo.title}}\">\n            </div>\n        {{/if}}\n    {{else}}\n        <span class=\"header-logo-text\">{{settings.store_logo.title}}</span>\n    {{/if}}\n</a>\n",
  "components/common/quick-search": "<div class=\"emthemesModez-quickSearch{{#if style}} emthemesModez-quickSearch--{{style}}{{/if}}\" data-prevent-quick-search-close>\n    {{{ snippet \"forms_search\"}}}\n    <form class=\"form\" action=\"{{urls.search}}\">\n        <fieldset class=\"form-fieldset\">\n            <div class=\"form-field\">\n                <label class=\"is-srOnly\" for=\"search_query{{#if style '===' 'mobileOnly'}}_mobile{{/if}}\">{{lang \"search.quick_search.input_label\"}}</label>\n                <div class=\"form-prefixPostfix wrap\">\n                    <input class=\"form-input\" data-search-quick name=\"search_query\" id=\"search_query{{#if style '===' 'mobileOnly'}}_mobile{{/if}}\" data-error-message=\"{{lang 'search.error.empty_field'}}\" placeholder=\"{{lang 'search.quick_search.input_placeholder'}}\" autocomplete=\"off\">\n                    <input type=\"submit\" class=\"button button--primary form-prefixPostfix-button--postfix\" value=\"{{lang 'common.search'}}\" />\n                </div>\n            </div>\n        </fieldset>\n    </form>\n</div>\n",
  "components/common/navigation-menu": "<nav class=\"navPages\">\r\n\r\n    {{#if theme_settings.navPages_categoriesMenu '===' 'group'}}\r\n        <div class=\"emthemesModez-navPages-verticalCategories-container\">\r\n            <a class=\"navPages-action has-subMenu\" data-collapsible=\"emthemesModez-verticalCategories\"\r\n                data-collapsible-disabled-breakpoint=\"medium\"\r\n                data-collapsible-disabled-state=\"open\"\r\n                data-collapsible-enabled-state=\"closed\">{{theme_settings.navPages_categoriesItem_text}}</a>\r\n            <div class=\"emthemesModez-verticalCategories {{#if theme_settings.homepage_expand_categories_menu}}{{#if template '===' 'pages/home'}}emthemesModez-verticalCategories--open{{/if}}{{/if}}\" id=\"emthemesModez-verticalCategories\" data-emthemesmodez-fix-height=\"emthemesModez-section1-container\" aria-hidden=\"true\" tabindex=\"-1\">\r\n                <ul class=\"navPages-list navPages-list--categories\">\r\n\r\n                    {{#if theme_settings.navPages_standard}}\r\n                        {{#each categories}}\r\n                            <li class=\"navPages-item navPages-item--standard\">\r\n                                {{> components/common/navigation-list theme_settings=../theme_settings menu_type='standard'}}\r\n                            </li>\r\n                        {{/each}}\r\n                    {{else}}\r\n                        {{#each categories}}\r\n                            <li class=\"navPages-item\">\r\n                                {{> components/common/navigation-list theme_settings=../theme_settings menu_type='mega'}}\r\n                            </li>\r\n                        {{/each}}\r\n                    {{/if}}\r\n                    \r\n                </ul>\r\n            </div>\r\n        </div>\r\n    {{else}}\r\n        <ul class=\"navPages-list navPages-list--categories\">\r\n            {{#if theme_settings.navPages_standard}}\r\n                {{#each categories}}\r\n                    <li class=\"navPages-item navPages-item--standard\">\r\n                        {{> components/common/navigation-list theme_settings=../theme_settings menu_type='standard'}}\r\n                    </li>\r\n                {{/each}}\r\n            {{else}}\r\n                {{#each categories}}\r\n                    <li class=\"navPages-item\">\r\n                        {{> components/common/navigation-list theme_settings=../theme_settings menu_type='mega'}}\r\n                    </li>\r\n                {{/each}}\r\n            {{/if}}\r\n        </ul>\r\n    {{/if}}\r\n    \r\n    \r\n    {{#unless theme_settings.hide_content_navigation}}\r\n        {{#unless theme_settings.manual_content_nav}}\r\n        <ul class=\"navPages-list header-nav\">\r\n            {{#each categories}}\r\n                {{#any (if name '===' 'BRANDS & PRODUCTS') (if name '===' 'SHOP BY CATEGORY') (if name '===' 'ON SALE') (if name '===' 'NEW ARRIVALS') (if name '===' 'BEST SELLERS') (if name '===' 'BRAND INFORMATION')}}\r\n                <li class=\"navPages-item\">\r\n                    {{> components/common/navigation-page-list index=@index}}\r\n                </li>\r\n                {{/any}}\r\n            {{/each}}\r\n            {{#each pages}}\r\n               {{#if name '===' 'Contact Us'}}\r\n                <li class=\"navPages-item\">\r\n                    {{> components/common/navigation-page-list index=@index}}\r\n                </li>\r\n               {{/if}}\r\n            {{/each}}\r\n        </ul>\r\n        {{else}}\r\n        <div data-emthemesmodez-remote-banner=\"emthemesModezBannersBlockStaticNavPages\"></div>\r\n        {{/unless}}\r\n    {{/unless}}\r\n    <ul class=\"navPages-list navPages-list--user\">\r\n        {{#if currency_selector.currencies.length '>' 1}}\r\n            <li class=\"navPages-item\">\r\n                <a class=\"navPages-action has-subMenu\" href=\"#\" data-collapsible=\"navPages-currency\" aria-controls=\"navPages-currency\" aria-expanded=\"false\">\r\n                    {{{lang 'common.currency' code=currency_selector.active_currency_code}}} <i class=\"icon navPages-action-moreIcon\" aria-hidden=\"true\"><svg><use xmlns:xlink=\"http://www.w3.org/1999/xlink\" xlink:href=\"#icon-chevron-down\"></use></svg></i>\r\n                </a>\r\n                <div class=\"navPage-subMenu\" id=\"navPages-currency\" aria-hidden=\"true\" tabindex=\"-1\">\r\n                    <ul class=\"navPage-subMenu-list\">\r\n                        {{#each currency_selector.currencies}}\r\n                        <li class=\"navPage-subMenu-item\">\r\n                            <a class=\"navPage-subMenu-action navPages-action\" href=\"{{{switch_url}}}\"\r\n                                data-currency-code=\"{{{code}}}\"\r\n                                {{#if cart_currency_switch_url.length '>' 0}}\r\n                                data-cart-currency-switch-url=\"{{{cart_currency_switch_url}}}\"\r\n                                {{/if}}\r\n                                data-warning=\"{{lang 'common.currency_switch_promotion'}}\">\r\n                                {{#if is_active}}\r\n                                    <strong>{{name}}</strong>\r\n                                {{else}}\r\n                                    {{name}}\r\n                                {{/if}}\r\n                            </a>\r\n                        </li>\r\n                        {{/each}}\r\n                    </ul>\r\n                </div>\r\n            </li>\r\n        {{/if}}\r\n        {{#if settings.gift_certificates_enabled}}\r\n            <li class=\"navPages-item\">\r\n                <a class=\"navPages-action\" href=\"{{urls.gift_certificate.purchase}}\">{{lang 'common.gift_cert'}}</a>\r\n            </li>\r\n        {{/if}}\r\n        {{#if customer.store_credit.value '>' 0}}\r\n            <li class=\"navPages-item\">\r\n                <a class=\"navPages-action navPages-action--storeCredit\">\r\n                    {{lang 'common.store_credit_overview' credit=customer.store_credit.formatted}}\r\n                </a>\r\n            </li>\r\n        {{/if}}\r\n        {{#if theme_settings.product_list_display_mode '==' 'list'}}\r\n            <li class=\"navPages-item\">\r\n                <a class=\"navPages-action navPages-action--compare\" href=\"{{urls.compare}}\" data-compare-nav>{{lang 'common.compare'}} <span class=\"countPill countPill--positive countPill--alt\"></span></a>\r\n            </li>\r\n        {{/if}}\r\n        {{#if customer}}\r\n            <li class=\"navPages-item\">\r\n                <a class=\"navPages-action has-subMenu\" href=\"{{urls.account.index}}\" data-collapsible=\"navPages-account\">\r\n                    {{lang 'common.account'}} <i class=\"icon navPages-action-moreIcon\" aria-hidden=\"true\"><svg><use xlink:href=\"#icon-chevron-down\" /></svg></i>\r\n                </a>\r\n                <div class=\"navPage-subMenu\" id=\"navPages-account\" aria-hidden=\"true\" tabindex=\"-1\">\r\n                    <ul class=\"navPage-subMenu-list\">\r\n                        <li class=\"navPage-subMenu-item\">\r\n                            <a class=\"navPage-subMenu-action navPages-action\" href=\"{{urls.account.orders.all}}\">{{lang 'account.nav.orders'}}</a>\r\n                        </li>\r\n                        {{#if settings.returns_enabled}}\r\n                            <li class=\"navPage-subMenu-item\">\r\n                                <a class=\"navPage-subMenu-action navPages-action\" href=\"{{urls.account.returns}}\">{{lang 'account.nav.returns'}}</a>\r\n                            </li>\r\n                        {{/if}}\r\n                        <li class=\"navPage-subMenu-item\">\r\n                            <a class=\"navPage-subMenu-action navPages-action\" href=\"{{urls.account.inbox}}\">{{lang 'account.mobile_nav.messages'}}</a>\r\n                        </li>\r\n                        <li class=\"navPage-subMenu-item\">\r\n                            <a class=\"navPage-subMenu-action navPages-action\" href=\"{{urls.account.addresses}}\">{{lang 'account.nav.addresses'}}</a>\r\n                        </li>\r\n                        {{#if settings.show_payment_methods}}\r\n                            <li class=\"navPage-subMenu-item\">\r\n                                <a class=\"navPage-subMenu-action navPages-action\" href=\"{{urls.account.payment_methods.all}}\">{{lang 'account.nav.payment_methods'}}</a>\r\n                            </li>\r\n                        {{/if}}\r\n                        <li class=\"navPage-subMenu-item\">\r\n                            <a class=\"navPage-subMenu-action navPages-action\" href=\"{{urls.account.wishlists.all}}\">{{lang 'account.mobile_nav.wishlists'}}</a>\r\n                        </li>\r\n                        <li class=\"navPage-subMenu-item\">\r\n                            <a class=\"navPage-subMenu-action navPages-action\" href=\"{{urls.account.recent_items}}\">{{lang 'account.nav.recently_viewed'}}</a>\r\n                        </li>\r\n                        <li class=\"navPage-subMenu-item\">\r\n                            <a class=\"navPage-subMenu-action navPages-action\" href=\"{{urls.account.details}}\">{{lang 'account.nav.settings'}}</a>\r\n                        </li>\r\n                    </ul>\r\n                </div>\r\n            </li>\r\n            <li class=\"navPages-item\">\r\n                <a class=\"navPages-action\" href=\"{{urls.auth.logout}}\">{{lang 'common.logout'}}</a>\r\n            </li>\r\n        {{else}}\r\n            <li class=\"navPages-item\">\r\n                <a class=\"navPages-action\" href=\"{{urls.auth.login}}\">{{lang 'common.login'}}</a>\r\n                {{#if settings.account_creation_enabled}}\r\n                    <a class=\"navPages-action\" href=\"{{urls.auth.create_account}}\">{{lang 'common.sign_up'}}</a>\r\n                {{/if}}\r\n            </li>\r\n        {{/if}}\r\n    </ul>\r\n\r\n    {{#if theme_settings.social_icon_placement_top}}\r\n    <div class=\"navPages-socials\">\r\n        {{> components/common/social-links style=\"dark\"}}\r\n    </div>\r\n    {{/if}}\r\n</nav>\r\n",
  "components/common/modal": "<div id=\"modal\" class=\"modal\" data-reveal data-prevent-quick-search-close>\n    <a href=\"#\" class=\"modal-close\" aria-label=\"{{lang 'common.close'}}\" role=\"button\">\n        <svg class=\"icon\"><use xlink:href=\"#icon-close\" /></svg>\n    </a>\n    <div class=\"modal-content\"></div>\n    <div class=\"loadingOverlay\"></div>\n</div>\n\n<div id=\"previewModal\" class=\"modal modal--large\" data-reveal>\n    <a href=\"#\" class=\"modal-close\" aria-label=\"{{lang 'common.close'}}\" role=\"button\">\n        <svg class=\"icon\"><use xlink:href=\"#icon-close\" /></svg>\n    </a>\n    <div class=\"modal-content\"></div>\n    <div class=\"loadingOverlay\"></div>\n</div>\n",
  "components/common/alert-modal": "<div id=\"alert-modal\" class=\"modal modal--alert modal--small\" data-reveal data-prevent-quick-search-close>\n    <div class=\"swal2-icon swal2-error swal2-icon-show\"><span class=\"swal2-x-mark\"><span class=\"swal2-x-mark-line-left\"></span><span class=\"swal2-x-mark-line-right\"></span></span></div>\n\n    <div class=\"modal-content\"></div>\n\n    <div class=\"button-container\"><button type=\"button\" class=\"confirm button\" data-reveal-close>OK</button></div>\n</div>\n",
  "components/emthemes-modez/newsletter/modal": "<div id=\"newsletterPopupModal\" class=\"modal modal--newsletter\" data-reveal data-prevent-quick-search-close>\n    <a href=\"#\" class=\"modal-close\" aria-label=\"{{lang 'common.close'}}\" role=\"button\">\n        <svg class=\"icon\"><use xlink:href=\"#icon-close\" /></svg>\n    </a>\n    <div class=\"modal-content\"></div>\n    <div class=\"loadingOverlay\"></div>\n</div>\n",
  "components/emthemes-modez/newsletter/section": "<div class=\"emthemesModez-newsletterSection{{#if theme_settings.social_icon_placement_bottom}} emthemesModez-newsletterSection--hasSocials{{/if}}\">\n    <article class=\"emthemesModez-newsletterForm\" data-section-type=\"newsletterSubscription\">\n        {{> components/common/subscription-form}}\n    </article>\n</div>\n",
  "components/common/social-links": "{{#if social_media}}\n    <ul class=\"socialLinks {{#if style}}socialLinks--{{style}}{{/if}}\">\n        {{#each social_media}}\n            <li class=\"socialLinks-item\">\n                <a class=\"icon icon--{{display_name}}\" href=\"{{url}}\" target=\"_blank\" rel=\"noopener\">\n                    <svg><use xlink:href=\"#icon-{{display_name}}\" /></svg>\n                </a>\n            </li>\n        {{/each}}\n    </ul>\n{{/if}}\n",
  "components/emthemes-modez/common/footer-links": "<article class=\"footer-info-col\" data-section-type=\"footer-webPages\">\n    <h5 class=\"footer-info-heading\">{{lang (concat (concat 'emthemesmodez.footer.links_col_' index) '.heading')}}</h5>\n    <ul class=\"footer-info-list\">\n        {{> components/emthemes-modez/common/footer-links-item langPrefix=(concat (concat 'emthemesmodez.footer.links_col_' index) '.row_1') }}\n        {{> components/emthemes-modez/common/footer-links-item langPrefix=(concat (concat 'emthemesmodez.footer.links_col_' index) '.row_2') }}\n        {{> components/emthemes-modez/common/footer-links-item langPrefix=(concat (concat 'emthemesmodez.footer.links_col_' index) '.row_3') }}\n        {{> components/emthemes-modez/common/footer-links-item langPrefix=(concat (concat 'emthemesmodez.footer.links_col_' index) '.row_4') }}\n        {{> components/emthemes-modez/common/footer-links-item langPrefix=(concat (concat 'emthemesmodez.footer.links_col_' index) '.row_5') }}\n        {{> components/emthemes-modez/common/footer-links-item langPrefix=(concat (concat 'emthemesmodez.footer.links_col_' index) '.row_6') }}\n        {{> components/emthemes-modez/common/footer-links-item langPrefix=(concat (concat 'emthemesmodez.footer.links_col_' index) '.row_7') }}\n        {{> components/emthemes-modez/common/footer-links-item langPrefix=(concat (concat 'emthemesmodez.footer.links_col_' index) '.row_8') }}\n        {{> components/emthemes-modez/common/footer-links-item langPrefix=(concat (concat 'emthemesmodez.footer.links_col_' index) '.row_9') }}\n        {{> components/emthemes-modez/common/footer-links-item langPrefix=(concat (concat 'emthemesmodez.footer.links_col_' index) '.row_10') }}\n    </ul>\n</article>\n",
  "components/common/payment-icons": "{{#with theme_settings}}\n    {{#or show_accept_amex show_accept_discover show_accept_mastercard show_accept_paypal show_accept_visa}}\n        <div class=\"footer-payment-icons\">\n            {{#if show_accept_amex}}\n                <svg class=\"footer-payment-icon\"><use xlink:href=\"#icon-logo-american-express{{#if payment_icons_style}}{{#if payment_icons_style '!=' 'flat'}}-{{payment_icons_style}}{{/if}}{{/if}}\"></use></svg>\n            {{/if}}\n            {{#if show_accept_discover}}\n                <svg class=\"footer-payment-icon\"><use xlink:href=\"#icon-logo-discover{{#if payment_icons_style}}{{#if payment_icons_style '!=' 'flat'}}-{{payment_icons_style}}{{/if}}{{/if}}\"></use></svg>\n            {{/if}}\n            {{#if show_accept_mastercard}}\n                <svg class=\"footer-payment-icon\"><use xlink:href=\"#icon-logo-mastercard{{#if payment_icons_style}}{{#if payment_icons_style '!=' 'flat'}}-{{payment_icons_style}}{{/if}}{{/if}}\"></use></svg>\n            {{/if}}\n            {{#if show_accept_paypal}}\n                <svg class=\"footer-payment-icon\"><use xlink:href=\"#icon-logo-paypal{{#if payment_icons_style}}{{#if payment_icons_style '!=' 'flat'}}-{{payment_icons_style}}{{/if}}{{/if}}\"></use></svg>\n            {{/if}}\n            {{#if show_accept_visa}}\n                <svg class=\"footer-payment-icon\"><use xlink:href=\"#icon-logo-visa{{#if payment_icons_style}}{{#if payment_icons_style '!=' 'flat'}}-{{payment_icons_style}}{{/if}}{{/if}}\"></use></svg>\n            {{/if}}\n            {{#if show_accept_applepay}}\n                <svg class=\"footer-payment-icon\"><use xlink:href=\"#icon-logo-applepay{{#if payment_icons_style}}{{#if payment_icons_style '!=' 'flat'}}-{{payment_icons_style}}{{/if}}{{/if}}\"></use></svg>\n            {{/if}}\n            {{#if show_accept_amazon}}\n                <svg class=\"footer-payment-icon\"><use xlink:href=\"#icon-logo-amazon{{#if payment_icons_style}}{{#if payment_icons_style '!=' 'flat'}}-{{payment_icons_style}}{{/if}}{{/if}}\"></use></svg>\n            {{/if}}\n            {{#if show_accept_googlepay}}\n                <svg class=\"footer-payment-icon\"><use xlink:href=\"#icon-logo-googlepay{{#if payment_icons_style}}{{#if payment_icons_style '!=' 'flat'}}-{{payment_icons_style}}{{/if}}{{/if}}\"></use></svg>\n            {{/if}}\n            {{#if show_accept_klarna}}\n                <svg class=\"footer-payment-icon\"><use xlink:href=\"#icon-logo-klarna{{#if payment_icons_style}}{{#if payment_icons_style '!=' 'flat'}}-{{payment_icons_style}}{{/if}}{{/if}}\"></use></svg>\n            {{/if}}\n        </div>\n    {{/or}}\n{{/with}}\n",
  "components/common/currency-selector": "{{#if currency_selector.currencies.length '>' 1}}\n<ul class=\"navUser-section\">\n    <li class=\"navUser-item\">\n        <a class=\"navUser-action navUser-action--currencySelector has-dropdown\" href=\"#\" data-dropdown=\"currencySelection\" aria-controls=\"currencySelection\" aria-expanded=\"false\">{{{lang 'common.currency' code=currency_selector.active_currency_code}}} <i class=\"icon\" aria-hidden=\"true\"><svg><use xlink:href=\"#icon-chevron-down\" /></svg></i></a>\n        <ul class=\"dropdown-menu\" id=\"currencySelection\" data-dropdown-content aria-hidden=\"true\" tabindex=\"-1\">\n            {{#each currency_selector.currencies}}\n            <li class=\"dropdown-menu-item\">\n                <a href=\"{{{switch_url}}}\"\n                   data-currency-code=\"{{{code}}}\"\n                   {{#if cart_currency_switch_url.length '>' 0 }}\n                   data-cart-currency-switch-url=\"{{{cart_currency_switch_url}}}\"\n                   {{/if}}\n                   data-warning=\"{{lang 'common.currency_switch_promotion'}}\"\n                >\n                {{#if is_active}}\n                <strong>{{name}}</strong>\n                {{else}}\n                {{name}}\n                {{/if}}\n                </a>\n            </li>\n            {{/each}}\n        </ul>\n    </li>\n</ul>\n{{/if}}\n",
  "components/common/navigation-list": "{{#if children}}\n<a class=\"navPages-action has-subMenu {{#if menu_type '==' 'vertical'}}navPages-action--vertical{{/if}}\" href=\"{{url}}\"\n    {{#if menu_type '!=' 'vertical'}}data-instantload{{/if}}\n    {{#if id '==' category.id}}data-current-category{{/if}}\n    data-collapsible=\"navPages-{{id}}{{idSuffix}}\"\n    {{#if menu_type '!=' 'vertical'}}data-collapsible-disabled-breakpoint=\"medium\"{{/if}}\n    data-collapsible-disabled-state=\"open\"\n    data-collapsible-enabled-state=\"closed\">\n    {{name}} <i class=\"icon navPages-action-moreIcon\" aria-hidden=\"true\"><svg><use xlink:href=\"#icon-chevron-down\" /></svg></i>\n</a>\n<div class=\"navPage-subMenu\n        {{#if menu_type '==' 'vertical'}}\n            navPage-subMenu--vertical\n        {{else if menu_type '==' 'standard'}}\n            navPage-subMenu--standard\n        {{/if}}\n    \" id=\"navPages-{{id}}{{idSuffix}}\" aria-hidden=\"true\" tabindex=\"-1\">\n    {{#if theme_settings.navPages_banners}}\n        {{#if menu_type '==' 'mega'}}\n            <div class=\"navPage-subMenu-rightBanners\" data-emthemesmodez-remote-banner=\"emthemesModezBannersBlockMegaMenuRight{{@index}}\"></div>\n        {{/if}}\n    {{/if}}\n    <ul class=\"navPage-subMenu-list\">\n        <li class=\"navPage-subMenu-item\">\n            <a class=\"navPage-subMenu-action navPages-action\" href=\"{{url}}\" data-instantload>{{lang 'category.view_all.name' category=name}}</a>\n        </li>\n        {{#each children}}\n            <li class=\"navPage-subMenu-item\">\n                {{#if children}}\n                    <a\n                        class=\"navPage-subMenu-action navPages-action has-subMenu\"\n                        href=\"{{url}}\"\n                        {{#if ../../menu_type '!=' 'vertical'}}data-instantload{{/if}}\n                        {{#if id '==' ../../category.id}}data-current-category{{/if}}\n                        data-collapsible=\"navPages-{{id}}{{../../idSuffix}}\"\n                        {{#if ../../menu_type '!=' 'vertical'}}data-collapsible-disabled-breakpoint=\"medium\"{{/if}}\n                        data-collapsible-disabled-state=\"open\"\n                        data-collapsible-enabled-state=\"closed\">\n                        {{name}} <i class=\"icon navPages-action-moreIcon\" aria-hidden=\"true\"><svg><use xlink:href=\"#icon-chevron-down\" /></svg></i>\n                    </a>\n                    <ul class=\"navPage-childList\" id=\"navPages-{{id}}{{../../idSuffix}}\">\n                        <li class=\"navPage-childList-item\">\n                            <a class=\"navPage-childList-action navPages-action\" href=\"{{url}}\" data-instantload>{{lang 'category.view_all.name' category=name}}</a>\n                        </li>\n                        {{#each children}}\n                        <li class=\"navPage-childList-item\">\n                            {{> components/common/navigation-list-child \n                                    category_id=../../../category.id \n                                    idSuffix=../../../idSuffix \n                                    theme_settings=../../../theme_settings\n                                    menu_type=../../../menu_type}}\n                        </li>\n                        {{/each}}\n                    </ul>\n                {{else}}\n                    <a class=\"navPage-subMenu-action navPages-action\" href=\"{{url}}\" data-instantload {{#if id '==' ../../category.id}}data-current-category{{/if}}>{{name}}</a>\n                {{/if}}\n            </li>\n        {{/each}}\n    </ul>\n    {{#if theme_settings.navPages_banners}}\n        {{#if menu_type '==' 'mega'}}\n            <div class=\"navPage-subMenu-bottomBanners\" data-emthemesmodez-remote-banner=\"emthemesModezBannersBlockMegaMenuBottom{{@index}}\"></div>\n        {{/if}}\n    {{/if}}\n</div>\n{{else}}\n<a class=\"navPages-action\" href=\"{{url}}\" data-instantload {{#if id '==' category.id}}data-current-category{{/if}}>{{name}}</a>\n{{/if}}\n",
  "components/common/navigation-page-list": "{{#if children}}\n<a class=\"navPages-action has-subMenu\" href=\"{{url}}\" \n    data-instantload\n    data-collapsible=\"navPages-page-{{@index}}\"\n    data-collapsible-disabled-breakpoint=\"medium\"\n    data-collapsible-disabled-state=\"open\"\n    data-collapsible-enabled-state=\"closed\">\n    {{name}} <i class=\"icon navPages-action-moreIcon\" aria-hidden=\"true\"><svg><use xlink:href=\"#icon-chevron-down\" /></svg></i>\n</a>\n<div class=\"navPage-subMenu navPage-subMenu--standard\" id=\"navPages-page-{{@index}}\" aria-hidden=\"true\" tabindex=\"-1\">\n    <ul class=\"navPage-subMenu-list\">\n        <li class=\"navPage-subMenu-item\">\n            <a class=\"navPage-subMenu-action navPages-action\" data-instantload href=\"{{url}}\">{{name}}</a>\n        </li>\n        {{#each children}}\n            <li class=\"navPage-subMenu-item\">\n                {{#if children}}\n                    <a\n                        class=\"navPage-subMenu-action navPages-action has-subMenu\"\n                        href=\"{{url}}\"\n                        data-instantload\n                        data-collapsible=\"navPages-page-{{../../index}}-{{@index}}\"\n                        data-collapsible-disabled-breakpoint=\"medium\"\n                        data-collapsible-disabled-state=\"open\"\n                        data-collapsible-enabled-state=\"closed\">\n                        {{name}} <i class=\"icon navPages-action-moreIcon\" aria-hidden=\"true\"><svg><use xlink:href=\"#icon-chevron-down\" /></svg></i>\n                    </a>\n                    <ul class=\"navPage-childList\" id=\"navPages-page-{{../../index}}-{{@index}}\">\n                        <li class=\"navPage-childList-item\">\n                            <a class=\"navPage-childList-action navPages-action\" data-instantload href=\"{{url}}\">{{name}}</a>\n                        </li>\n                        {{#each children}}\n                        <li class=\"navPage-childList-item\">\n                            <a class=\"navPage-childList-action navPages-action\" data-instantload href=\"{{url}}\">{{name}}</a>\n                        </li>\n                        {{/each}}\n                    </ul>\n                {{else}}\n                    <a class=\"navPage-subMenu-action navPages-action\" data-instantload href=\"{{url}}\">{{name}}</a>\n                {{/if}}\n            </li>\n        {{/each}}\n    </ul>\n</div>\n{{else}}\n<a class=\"navPages-action\" data-instantload href=\"{{url}}\">{{name}}</a>\n{{/if}}\n",
  "components/common/subscription-form": "<h5 class=\"footer-info-heading\">{{lang 'newsletter.subscribe'}}</h5>\n{{#if theme_settings.subscribe_intro '!==' ''}}\n    <p>{{theme_settings.subscribe_intro}}</p>\n{{else if settings.show_newsletter_summary}}\n    <p>{{settings.newsletter_summary}}</p>\n{{/if}}\n\n<form class=\"form\" action=\"{{urls.subscribe.action}}\" method=\"post\">\n    <fieldset class=\"form-fieldset\">\n        <input type=\"hidden\" name=\"action\" value=\"subscribe\">\n        <input type=\"hidden\" name=\"nl_first_name\" value=\"bc\">\n        <input type=\"hidden\" name=\"check\" value=\"1\">\n        <div class=\"form-field\">\n            <label class=\"form-label is-srOnly\" for=\"nl_email\">{{lang 'common.email_address'}}</label>\n            <div class=\"form-prefixPostfix wrap\">\n                <input class=\"form-input form-prefixPostfix-input\" id=\"nl_email\" name=\"nl_email\" type=\"email\" value=\"{{customer.email}}\" placeholder=\"{{lang 'newsletter.email_placeholder'}}\">\n                <input class=\"button form-prefixPostfix-button--postfix\" type=\"submit\" value=\"{{lang 'newsletter.subscribe_submit'}}\">\n            </div>\n        </div>\n    </fieldset>\n</form>\n",
  "components/emthemes-modez/common/footer-links-item": "{{#if (lang (concat langPrefix '.title')) '!=' ' '}}\n\t<li><a href=\"{{lang (concat langPrefix '.url')}}\">{{lang (concat langPrefix '.title')}}</a></li>\n{{/if}}\n",
  "components/common/navigation-list-child": "{{#if children}}\n    <a\n        class=\"navPage-childList-action navPages-action has-subMenu\" \n        href=\"{{url}}\"\n        {{#if menu_type '!=' 'vertical'}}data-instantload{{/if}}\n        {{#if id '==' category_id}}data-current-category{{/if}}\n        data-collapsible=\"navPages-{{id}}{{idSuffix}}\"\n        {{#if menu_type '!=' 'vertical'}}data-collapsible-disabled-breakpoint=\"medium\"{{/if}}\n        data-collapsible-disabled-state=\"open\"\n        data-collapsible-enabled-state=\"closed\">\n        {{name}} <i class=\"icon navPages-action-moreIcon\" aria-hidden=\"true\"><svg><use xlink:href=\"#icon-chevron-down\" /></svg></i>\n    </a>\n    <ul class=\"navPage-childList\" id=\"navPages-{{id}}{{idSuffix}}\">\n        <li class=\"navPage-childList-item\">\n            <a class=\"navPage-childList-action navPages-action\" data-instantload href=\"{{url}}\">{{lang 'category.view_all.name' category=name}}</a>\n        </li>\n        {{#each children}}\n            <li class=\"navPage-childList-item\">\n                {{> components/common/navigation-list-child \n                    category_id=../category_id \n                    idSuffix=../idSuffix \n                    theme_settings=../theme_settings\n                    menu_type=../menu_type}}\n            </li>\n        {{/each}}\n    </ul>\n{{else}}\n    <a class=\"navPage-childList-action navPages-action\" data-instantload href=\"{{url}}\" {{#if id '==' category_id}}data-current-category{{/if}}>{{name}}</a>\n{{/if}}\n"
}