{
  "pages/amp/category": "---\ncategory:\n    shop_by_price: true\n    products:\n        limit: {{theme_settings.categorypage_products_per_page}}\n---\n{{inject \"categoryProductsPerPage\" theme_settings.categorypage_products_per_page}}\n{{#partial \"head\"}}\n    {{#if pagination.category.previous}}\n        <link rel=\"prev\" href=\"{{pagination.category.previous}}\">\n    {{/if}}\n    {{#if pagination.category.next}}\n        <link rel=\"next\" href=\"{{pagination.category.next}}\">\n    {{/if}}\n{{/partial}}\n{{#partial \"amp-style\"}}\n    {{> components/amp/category/styles }}\n{{/partial}}\n{{#partial \"page\"}}\n    {{> components/amp/common/header }}\n    {{#if category.image}}\n        <div class=\"categoryView-img\">\n            <amp-img src=\"{{getImage category.image 'zoom_size'}}\" width=\"300\" height=\"150\" layout=\"responsive\" alt=\"{{category.name}}\"></amp-img>\n        </div>\n    {{/if}}\n    <div class=\"container\">\n        <h1 class=\"categoryView-title\">\n            {{category.name}}\n        </h1>\n\n        {{#if theme_settings.show_amp_category_desc}}\n        <div class=\"papaSupermarket-categoryPage-description\">\n            {{{category.description}}}\n            {{{snippet 'categories'}}}\n        </div>\n        {{/if}}\n    </div>\n    <main class=\"page-content\" id=\"product-listing-container\">\n        {{#if category.products}}\n            {{> components/amp/category/product-listing}}\n        {{else}}\n            <p>{{lang 'categories.no_products'}}</p>\n        {{/if}}\n    </main>\n    {{> components/amp/category/subcategories}}\n    {{> components/amp/common/footer }}\n    {{#if settings.amp_analytics_id}}\n        <amp-analytics type=\"googleanalytics\">\n            <script type=\"application/json\">\n            {\n                \"vars\": {\n                    \"account\": \"{{settings.amp_analytics_id}}\"\n                },\n                \"extraUrlParams\": {\n                    \"cd1\": \"{{page_type}}\",\n                    \"cd2\": \"{{category.id}}\",\n                    \"cd3\": \"{{category.url}}\",\n                    \"cd4\": \"{{category.name}}\"\n                },\n                \"triggers\": {\n                    \"trackPageview\": {\n                        \"on\": \"visible\",\n                        \"request\": \"pageview\"\n                    },\n                    \"trackClickOnProductCard\" : {\n                        \"on\": \"click\",\n                        \"selector\": \".card-figure a, .card-title a\",\n                        \"request\": \"event\",\n                        \"vars\": {\n                            \"eventCategory\": \"Category\",\n                            \"eventAction\": \"Product Card\"\n                        },\n                        \"extraUrlParams\": {\n                            \"cd6\": \"${productLink}\",\n                            \"cd7\": \"${productId}\",\n                            \"cd8\": \"${productName}\"\n                        }\n                    }\n                }\n            }\n            </script>\n        </amp-analytics>\n    {{/if}}\n{{/partial}}\n{{> layout/amp}}\n\n",
  "components/amp/category/styles": "<style amp-custom>\n{{> components/amp/css/base}}\n{{> components/amp/css/header}}\n{{> components/amp/css/footer}}\n{{> components/amp/css/category}}\n</style>\n",
  "components/amp/common/header": "{{#if banners.top}}\n    <div class=\"banners\" data-banner-location=\"top\">\n        <div class=\"banner\">\n            {{{limit banners.top 1}}}\n        </div>\n    </div>\n{{/if}}\n\n<header class=\"amp-header\">\n    <button class=\"amp-menu-button\" on=\"tap:amp-menu.toggle\">\n        Toggle menu\n    </button>\n\n    <div class=\"amp-header-logo\">\n        {{> components/amp/common/store-logo}}\n    </div>\n</header>\n<amp-sidebar layout=\"nodisplay\" id=\"amp-menu\" data-menu>\n    {{> components/amp/common/navigation-menu}}\n</amp-sidebar>\n\n<div class=\"amp-quickSearch\">\n    {{> components/amp/common/quick-search}}\n</div>\n",
  "components/amp/category/product-listing": "{{#if theme_settings.product_list_display_mode '===' 'grid'}}\n    {{> components/amp/products/grid products=category.products}}\n{{else}}\n    {{> components/amp/products/list products=category.products}}\n{{/if}}\n\n{{> components/amp/common/paginator pagination.category}}\n",
  "components/amp/category/subcategories": "<nav>\n    {{#if category.subcategories}}\n    <div class=\"sidebarBlock\">\n        <h5 class=\"sidebarBlock-heading\">{{category.name}}</h5>\n        <ul class=\"navList\">\n            {{#each category.subcategories}}\n            <li class=\"navList-item\">\n                <a class=\"navList-action\" href=\"{{url}}\">{{name}}</a>\n            </li>\n            {{/each}}\n        </ul>\n    </div>\n    {{/if}}\n</nav>\n",
  "components/amp/common/footer": "<footer class=\"amp-footer\" role=\"contentinfo\">\n\n    {{#if theme_settings.footer_show_aboutus}}\n    <article class=\"amp-footer-col amp-footer-col--about\" data-section-type=\"storeInfo\">\n        <h5 class=\"amp-footer-heading\">{{> components/amp/common/store-logo}}</h5>\n        {{#if theme_settings.footer_show_contact}}\n            <address>{{nl2br settings.address}}</address>\n            {{#if settings.phone_number}}\n                <strong>{{lang 'footer.call_us' phone_number=settings.phone_number}}</strong>\n            {{/if}}\n        {{/if}}\n    </article>\n    {{/if}}\n\n    <article class=\"amp-footer-col amp-footer-col--pages\" data-section-type=\"footer-webPages\">\n        <h5 class=\"amp-footer-heading\">{{lang 'footer.navigate'}}</h5>\n        <ul class=\"amp-footer-list\">\n            {{#each pages}}\n            <li>\n                <a href=\"{{url}}\">{{name}}</a>\n            </li>\n            {{/each}}\n            <li>\n                <a href=\"{{urls.sitemap}}\">{{lang 'sitemap.page_title'}}</a>\n            </li>\n        </ul>\n    </article>\n\n    <article class=\"amp-footer-col amp-footer-col--categories\" data-section-type=\"footer-categories\">\n        <h5 class=\"amp-footer-heading\">{{lang 'footer.categories'}}</h5>\n        <ul class=\"amp-footer-list\">\n            {{#each categories}}\n                <li>\n                    <a href=\"{{url}}\">{{name}}</a>\n                </li>\n            {{/each}}\n        </ul>\n    </article>\n\n    <article class=\"amp-footer-col amp-footer-col--brands\" data-section-type=\"footer-brands\">\n        <h5 class=\"amp-footer-heading\">{{lang 'footer.brands'}}</h5>\n        <ul class=\"amp-footer-list\">\n            {{#each shop_by_brand}}\n                <li>\n                    <a href=\"{{url}}\">{{name}}</a>\n                </li>\n            {{/each}}\n            <li><a href=\"{{urls.brands}}\">{{lang 'common.view_all'}}</a></li>\n        </ul>\n    </article>\n\n    <article class=\"amp-footer-copyright\">\n        {{#if theme_settings.show_powered_by}}\n            <p>{{lang 'footer.powered_by'}} <a href=\"http://bigcommerce.com?utm_source=merchant&amp;utm_medium=poweredbyBC\" rel=\"nofollow\">BigCommerce</a></p>\n        {{/if}}\n        {{#if theme_settings.show_copyright_footer}}\n            <p class=\"powered-by\">&copy; {{settings.store_name}} </p>\n        {{/if}}\n    </article>\n</footer>\n",
  "layout/amp": "<!DOCTYPE html>\n<html amp class=\"no-js\" lang=\"{{ locale_name }}\">\n    <head>\n        <meta charset=\"utf-8\">\n        <script async src=\"https://cdn.ampproject.org/v0.js\"></script>\n        <meta name=\"viewport\" content=\"width=device-width, initial-scale=1, minimum-scale=1, maximum-scale=1\">\n        <style amp-boilerplate>body{-webkit-animation:-amp-start 8s steps(1,end) 0s 1 normal both;-moz-animation:-amp-start 8s steps(1,end) 0s 1 normal both;-ms-animation:-amp-start 8s steps(1,end) 0s 1 normal both;animation:-amp-start 8s steps(1,end) 0s 1 normal both}@-webkit-keyframes -amp-start{from{visibility:hidden}to{visibility:visible}}@-moz-keyframes -amp-start{from{visibility:hidden}to{visibility:visible}}@-ms-keyframes -amp-start{from{visibility:hidden}to{visibility:visible}}@-o-keyframes -amp-start{from{visibility:hidden}to{visibility:visible}}@keyframes -amp-start{from{visibility:hidden}to{visibility:visible}}</style><noscript><style amp-boilerplate>body{-webkit-animation:none;-moz-animation:none;-ms-animation:none;animation:none}</style></noscript>\n        <title>{{ head.title }}</title>\n        {{{ head.meta_tags }}}\n        {{{ head.config }}}\n        {{#block \"head\"}} {{/block}}\n        <link href=\"{{ head.favicon }}\" rel=\"shortcut icon\">\n        <link href=\"https://fonts.googleapis.com/css?family=Roboto:400,700|Karla:400|Montserrat:400\" rel=\"stylesheet\">\n        {{#block \"amp-style\"}} {{/block}}\n        {{inject 'themeSettings' theme_settings}}\n        {{inject 'genericError' (lang 'common.generic_error')}}\n        {{inject 'maintenanceMode' settings.maintenance}}\n        {{inject 'urls' urls}}\n        {{{snippet 'htmlhead'}}}\n        <script async custom-element=\"amp-form\" src=\"https://cdn.ampproject.org/v0/amp-form-0.1.js\"></script>\n        <script async custom-element=\"amp-sidebar\" src=\"https://cdn.ampproject.org/v0/amp-sidebar-0.1.js\"></script>\n        {{#if settings.amp_analytics_id}}\n            <script async custom-element=\"amp-analytics\" src=\"https://cdn.ampproject.org/v0/amp-analytics-0.1.js\"></script>\n        {{/if}}\n        {{#block \"amp-scripts\"}}{{/block}}\n    </head>\n    <body>\n        {{#block \"page\"}} {{/block}}\n    </body>\n</html>\n",
  "components/amp/css/base": "*,\n*:after,\n*:before {\n    box-sizing: border-box;\n}\nhtml {\n    font-size: 14px\n}\nhtml,\nbody {\n    height: auto\n}\n\nbody {\n    font-size: 1rem;\n    font-family: Roboto, Arial, Helvetica, sans-serif;\n    font-weight: 400;\n    line-height: 1.5;\n    color: #4f4f4f;\n    padding-top: 55px;\n    -webkit-font-smoothing: antialiased;\n    -moz-osx-font-smoothing: grayscale;\n}\nul {\n    margin: 0;\n    padding: 0;\n}\nli {\n    padding: 0;\n    margin: 0;\n}\na {\n    color: #282828;\n    line-height: inherit;\n    text-decoration: none;\n}\na:hover,\na:focus {\n    color: #a5a5a5\n}\np {\n    margin-bottom: 1.5rem\n}\n\nh1,\nh2,\nh3,\nh4,\nh5,\nh6 {\n    color: #282828;\n    font-family: Roboto, Arial, Helvetica, sans-serif;\n    font-weight: 700;\n    letter-spacing: .25px;\n    margin-bottom: .78571rem;\n    margin-top: 2.28571rem\n}\nh1 small,\nh2 small,\nh3 small,\nh4 small,\nh5 small,\nh6 small {\n    color: #989898;\n    font-size: 60%;\n    line-height: 0\n}\nh1 {\n    font-size: 28px\n}\nh2 {\n    font-size: 25px\n}\nh3 {\n    font-size: 22px\n}\nh4 {\n    font-size: 20px\n}\nh5 {\n    font-size: 15px\n}\nh6 {\n    font-size: 13px;\n    text-transform: uppercase\n}\n\nhr {\n    border: solid #e8e8e8;\n    border-width: 1px 0 0;\n    clear: both;\n    height: 0;\n    margin: 2rem 0 1.92857rem\n}\nem,\ni {\n    font-style: italic;\n    line-height: inherit\n}\nstrong,\nb {\n    font-weight: 700;\n    line-height: inherit\n}\nsmall {\n    font-size: 60%;\n    line-height: inherit\n}\nul,\nol,\ndl {\n    list-style-position: outside;\n    margin-bottom: 1.5rem\n}\nul ul,\nul ol,\nol ul,\nol ol {\n    margin-left: 1.2rem;\n    margin-bottom: 0\n}\nul {\n    margin-left: 1.15rem\n}\nol {\n    margin-left: 1.15rem\n}\ndl dt {\n    font-weight: 700;\n}\nabbr,\nacronym {\n    border-bottom: 1px dotted #dfdfdf;\n    color: #4f4f4f;\n    cursor: help;\n    font-size: 90%;\n    text-transform: uppercase\n}\nabbr {\n    text-transform: none\n}\nblockquote,\nblockquote p {\n    font-size: 22px;\n    line-height: 29px\n}\ncite {\n    color: #a5a5a5;\n    display: block;\n    font-size: 1rem;\n    line-height: 1.5;\n}\ntable {\n    border-collapse: collapse;\n    border-spacing: 0;\n}\ntd,\nth {\n    padding: 0;\n}\n.icon {\n    height: 1.14286rem;\n    width: 1.14286rem;\n    display: inline-block;\n    vertical-align: middle\n}\n.icon svg {\n    display: inline-block;\n    fill: #4f4f4f;\n    height: 100%;\n    vertical-align: top;\n    width: 100%\n}\n.is-srOnly,\n.modal {\n    display: none;\n}\n\n.body {\n    margin-bottom: 6rem;\n    margin-top: 1.5rem\n}\n\n.container {\n    margin-left: auto;\n    margin-right: auto;\n    max-width: 91.71429rem;\n    padding: 0 1.5rem;\n    position: relative;\n}\n\n.button {\n    border-radius: 0;\n    border-style: solid;\n    border-width: 1px;\n    cursor: pointer;\n    font-family: \"Montserrat\", Arial, Helvetica, sans-serif;\n    font-weight: 400;\n    line-height: normal;\n    margin: 0 0 1rem;\n    position: relative;\n    text-align: center;\n    text-decoration: none;\n    display: inline-block;\n    background-color: transparent;\n    border-color: #dfdfdf;\n    color: #454545;\n    font-size: 1rem;\n    padding: .85714rem 2.28571rem;\n    border-radius: 4px;\n    outline: none;\n    vertical-align: middle\n}\n.button:hover,\n.button:focus,\n.button.is-active,\n.button.active {\n    background-color: transparent;\n    border-color: #989898;\n    color: #666\n}\n.button:active {\n    background-color: transparent;\n    border: 1px solid #454545;\n    color: #454545\n}\n.button:focus,\n.button.is-active,\n.button.active {\n    outline: none\n}\n.button--primary {\n    background-color: #454545;\n    border-color: #454545;\n    color: #fff\n}\n.button--primary:hover,\n.button--primary:focus,\n.button--primary.is-active,\n.button--primary.active {\n    background-color: #666;\n    border-color: #666;\n    color: #fff\n}\n.button--primary:active {\n    background-color: #989898;\n    border: 1px solid #989898;\n    color: #fff\n}\n.button[disabled] {\n    background-color: #dadada;\n    border-color: #dadada;\n    color: #fff;\n    cursor: default\n}\n\n.button--wide {\n    display: block;\n    width: 100%\n}\n\n.button--icon {\n    font-size: 1rem;\n    padding: .78571rem\n}\n.button--icon svg {\n    fill: #4f4f4f\n}\n\n.icon--ratingEmpty svg {\n    fill: #dfdfdf;\n}\n\n.icon--ratingFull svg {\n    fill: #ffb400;\n}\n\n.price--rrp,\n.price--non-sale,\n.price--discounted {\n    text-decoration: line-through;\n}\n.price-section .price--withoutTax {\n    color: #ff6600;\n}\n.table {    \n    margin: 2rem 0;\n    border: 1px solid #dcdcdc;\n    table-layout: auto;\n    width: 100%;\n}\n.table-tbody tr {\n    border-bottom: 1px solid #dcdcdc;\n}\n.table-tbody tr:last-child {\n    border-bottom: 0;\n}\n.table td + td {\n    border-left: 1px solid #dcdcdc;\n}\n.table tr th,\n.table tr td {\n    padding: 0.78571rem 1.5rem;\n    text-align: left;\n}\n.table thead tr th, \n.table tfoot tr th, \n.table tfoot tr td, \n.table tbody tr th, \n.table tbody tr td, \n.table tr td {\n    display: table-cell;\n}\n",
  "components/amp/css/header": ".amp-menu-button {\n    background-color: transparent;\n    background-image: url('data:image/svg+xml;utf8,<svg xmlns=\"http://www.w3.org/2000/svg\" viewBox=\"-3 -6 24 24\"><path fill=\"{{#replace '#' theme_settings.navUser-color}}%23{{/replace}}\" d=\"M0 12h18v-2H0v2M0 7h18V5H0v2M0 0v2h18V0H0\"/></svg>');\n    background-repeat: no-repeat;\n    background-size: 2rem 1.8rem;\n    background-position: center center;\n    width: 3.92857rem;\n    height: 3.92857rem;\n    cursor: pointer;\n    align-self: center;\n    font-size: 0;\n    border: 0;\n    flex-shrink: 0;\n}\n\n.amp-header {\n    background-color: {{theme_settings.header-backgroundColor}};\n    border-bottom: 1px solid #e8e8e8;\n    position: fixed;\n    top: 0;\n    width: 100%;\n    height: 55px;\n    z-index: 20;\n    display: flex;\n    align-items: center;\n    box-shadow: 0 1px 5px rgba(0, 0, 0, 0.1);\n}\n\n.amp-header-link {\n    display: inline-block;\n    text-decoration: none;\n}\n\n.amp-header-logo {\n    flex-grow: 1;\n    padding-right: 3.92857rem;\n    text-align: center;\n    display: flex;\n    align-items: center;\n    justify-content: center;\n}\n\n.amp-header-logo amp-img {\n    max-height: 55px;\n    max-width: calc(100vw - 55px);\n}\n\n.amp-header-logo img {\n    object-fit: contain;\n}\n\n.amp-empty-space {\n    width: 3.92857rem;\n}\n\n.amp-header-logo-text {\n    display: block;\n    font-family: \"Roboto\", Arial, Helvetica, sans-serif;\n    font-size: 16px;\n    font-weight: 700;\n    letter-spacing: 0;\n    margin-left: auto;\n    margin-right: auto;\n    overflow: hidden;\n    padding: 0.21429rem 0;\n    text-overflow: ellipsis;\n    text-transform: uppercase;\n    white-space: nowrap;\n    color: {{theme_settings.storeName-color}};\n}\n\n.amp-quickSearch {\n    padding: 0.78571rem 1.14286rem;\n}\n\n.amp-quickSearch .form-input {\n    width: 100%;\n    padding: 0.35714rem 0.78571rem;\n    height: 2.21429rem;\n}\n\n.amp-quickSearch .form-field {\n    position: relative;\n}\n\n.amp-quickSearch .form-field:before {\n    content: '';\n    display: block;\n    background-color: transparent;\n    background-image: url('data:image/svg+xml;utf8,<svg enable-background=\"new 0 0 128 128\" height=\"128px\" id=\"Layer_1\" version=\"1.1\" viewBox=\"0 0 128 128\" width=\"128px\" xml:space=\"preserve\" xmlns=\"http://www.w3.org/2000/svg\" xmlns:xlink=\"http://www.w3.org/1999/xlink\"><g id=\"search\"><path d=\"M115.613,105.593L91.421,81.401c5.06-7.278,8.035-16.115,8.035-25.651c0-24.853-20.147-45-45-45   s-45,20.147-45,45s20.147,45,45,45c9.536,0,18.373-2.975,25.651-8.035l24.192,24.192c1.562,1.562,3.609,2.343,5.657,2.343   s4.095-0.781,5.657-2.343C118.737,113.782,118.737,108.718,115.613,105.593z M17.456,55.75c0-20.402,16.598-37,37-37   s37,16.598,37,37s-16.598,37-37,37S17.456,76.152,17.456,55.75z\" fill=\"#454545\"/></g></svg>');\n    background-repeat: no-repeat;\n    background-size: 1.5rem 1.5rem;\n    background-position: center center;\n    width: 2.21429rem;\n    height: 2.21429rem;\n    position: absolute;\n    top: 0;\n    right: 0.382855rem;\n}\n\n.banners {\n    background-color: #4f4f4f;\n    color: #fff;\n    padding: .78571rem 0;\n    text-align: center\n}\n.banners p:last-child {\n    margin-bottom: 0\n}\n.banners a {\n    color: #fff\n}\n.banner {\n    margin: 0 auto;\n    max-width: 85.71429rem;\n    width: 100%\n}\n.banner:before,\n.banner:after {\n    content: \" \";\n    display: table\n}\n.banner:after {\n    clear: both\n}\n.banner + .banner {\n    margin-top: 1.5rem\n}\n\n\n.form-fieldset {\n    border-width: 0;\n    margin: 0;\n    padding: 0\n}\n\n\n.form-input {\n    appearance: none;\n    background-color: #fff;\n    border-color: #dfdfdf;\n    border-style: solid;\n    border-width: 1px;\n    border-radius: 4px;\n    color: #454545;\n    display: block;\n    font-family: inherit;\n    font-size: 1rem;\n    font-smoothing: antialiased;\n    height: 3rem;\n    margin: 0;\n    padding: .75rem 1rem;\n    transition: border-color 100ms ease-out;\n}\n.form-input:disabled {\n    background-color: #fff;\n    color: #a5a5a5;\n    cursor: not-allowed\n}\n.form-input[readonly] {\n    background-color: #f8f8f8;\n    border-color: #454545;\n    color: #989898;\n    cursor: text\n}\n.form-input:focus {\n    border-color: #989898;\n    outline: none\n}\n\n.navPages {\n    background-color: #f2f2f2;\n    height: 100%;\n    overflow-y: auto;\n    padding: 1.5rem\n}\n\n.navPages-list {\n    margin: .78571rem 0 0;\n    padding: 0;\n    list-style: none;\n}\n.navPages-list + .navPages-list {\n    border-top: 1px solid #dfdfdf;\n    padding-top: .78571rem\n}\n.navPages-action {\n    display: block;\n    font-size: 15px;\n    font-weight: 700;\n    padding: .78571rem 0;\n    text-decoration: none;\n    text-transform: uppercase\n}\n",
  "components/amp/css/footer": ".amp-footer {\n    color: #505050;\n    border-top: 1px solid #e8e8e8;\n    display: flex;\n    flex-wrap: wrap;\n    align-items: flex-start;\n}\n\n.amp-footer-col {\n    padding: 0 1.14286rem;\n    width: 50%;\n}\n\n.amp-footer-col--about {\n    width: 100%;\n    text-align: center;\n}\n\n.amp-footer-col--about address {\n    font-style: normal;\n    margin-bottom: 0.78571rem;\n}\n\n.amp-footer-col--brands {\n    width: 100%;\n}\n.amp-footer-col--brands .amp-footer-list {\n    columns: 2;\n}\n\n.amp-footer a {\n    color: #989898;\n    text-decoration: none\n}\n.amp-footer a:hover {\n    color: #4f4f4f\n}\n\n.amp-footer-heading {\n    text-transform: uppercase;\n    font-size: 18px;\n}\n\n.amp-footer-heading a {\n    color: #282828;\n}\n\n.amp-footer-list {\n    margin: 0;\n    list-style-type: none;\n}\n\n.amp-footer-list li {\n    padding: 3px 0;\n}\n\n.amp-footer-copyright {\n    width: 100%;\n    background: #f0f0f0;\n    padding: 0.78571rem;\n    text-align: center;\n    margin-top: 3rem;\n}\n\n.amp-footer-copyright p {\n    margin: 0;\n}\n",
  "components/amp/css/category": ".container {\n    margin-left: auto;\n    margin-right: auto;\n    max-width: 91.71429rem;\n    padding: .5rem 1.5rem;\n}\n\n.categoryView-img {\n    padding: 0 0 1rem;\n}\n\n.categoryView-title {\n    font-size: 28px;\n    margin: 0;\n    text-align: center;\n    line-height: 1.25;\n}\n\n.sidebarBlock {\n    margin-left: auto;\n    margin-right: auto;\n    max-width: 91.71429rem;\n    padding: 1rem 1.5rem;\n    background-color: #f3f4f5;\n    text-align: center;\n    border-top: 1px solid #e8e8e8;\n}\n\n.sidebarBlock-heading {\n    margin: .78571rem 0;\n}\n\n.navList {\n    list-style: none;\n    padding: 0;\n    margin-left: 0;\n}\n\n.navList-action {\n    color: #4f4f4f;\n    font-size: 15px;\n    padding: 3px 0;\n    display: block;\n}\n\n.actionBar-section .form-field {\n    background-color: white;\n    border: 1px solid #dfdfdf;\n    border-radius: 4px;\n    overflow: hidden;\n    display: inline-block;\n}\n\n.actionBar-section .form-label {\n    color: #989898;\n    font-size: 13px;\n    line-height: 2.14286rem;\n    margin-bottom: 0;\n    padding-left: 0.78571rem;\n    display: inline-block;\n}\n\n.actionBar-section .form-select {\n    color: #4f4f4f;\n    height: 2.14286rem;\n    display: inline-block;\n}\n\n.productGrid {\n    display: flex;\n    flex-wrap: wrap;\n    list-style: none;\n    margin: 0;\n    padding: 0;\n}\n\n.productGrid .product {\n    width: 50%;\n    padding: 1rem 1.5rem;\n}\n\n.productList {\n    list-style: none;\n    margin: 0;\n    padding: 0;\n}\n\n.productList .product {\n    padding: 1rem 1.5rem;\n}\n\n.listItem-rating,\n.listItem-brand,\n.listItem-title {\n    margin: .5rem 0;\n}\n\n.listItem-title {\n    font-size: 15px;\n}\n\n.listItem-price {\n    margin-bottom: 1rem;\n}\n\n\n.card-figure {\n    margin: 0;\n    padding: 0;\n    position: relative;\n}\n\n.card-image {\n    max-width: 100%;\n    height: auto;\n    margin-bottom: 10px;\n}\n\n.card-image img {\n    object-fit: contain;\n}\n\n.card-body {\n    text-align: center;\n}\n\n.card-body .price--withoutTax {\n    font-size: 16px;\n    font-weight: 700;\n}\n\n.card-text,\n.card-title {\n    margin: 5px 0;\n}\n\n.card-text {\n    color: #989898;\n    font-size: 14px;\n    font-weight: normal;\n}\n\n.card-title {\n    font-size: 14px;\n    line-height: 1.25;\n}\n\n.rating--small {\n    display: block;\n    margin-bottom: 10px;\n}\n\n.sale-sash {\n    background: #e74c3c;\n    color: #ffffff;\n    font-size: 11px;\n    font-weight: bold;\n    padding: 1px 5px;\n    position: absolute;\n    text-align: center;\n    top: 0;\n    right: 0;\n    z-index: 10;\n}\n\n.pagination {\n    margin: 2rem 1.5rem 2.28571rem;\n}\n\n.pagination-list {\n    display: block;\n    margin: 0;\n    text-align: center;\n    list-style: none;\n    padding: 0 80px;\n}\n\n.pagination-item {\n    display: inline-block;\n    border: 1px solid transparent;\n    border-radius: 4px;\n    font-size: 15px;\n    position: relative;\n}\n\n.pagination-link {\n    display: block;\n    padding: 3px 10px;\n}\n\n.pagination-item--current {\n    border-color: #e8e8e8;\n}\n\n.pagination-item--previous {\n    position: absolute;\n    left: 1rem;\n}\n\n.pagination-item--next {\n    position: absolute;\n    right: 1rem;\n}\n",
  "components/amp/common/store-logo": "<a href=\"{{urls.home}}\" class=\"amp-header-link\">\n    {{#if settings.store_logo.image}}\n        <amp-img src=\"{{getImage settings.store_logo.image 'logo_size'}}\"\n            {{#if theme_settings.logo_size '===' 'original' }}\n                width=\"100\"\n                height=\"50\"\n            {{else}}\n                width=\"{{first (split theme_settings.logo_size 'x')}}\"\n                height=\"{{last (split theme_settings.logo_size 'x')}}\"\n            {{/if}}\n            alt=\"{{settings.store_logo.title}}\">\n        </amp-img>\n    {{else}}\n        <span class=\"amp-header-logo-text\">{{settings.store_logo.title}}</span>\n    {{/if}}\n</a>\n",
  "components/amp/common/navigation-menu": "<nav class=\"navPages\">\n    {{! Supermarket: Removed search form here }}\n    <ul class=\"navPages-list\">\n        {{#each categories}}\n            <li class=\"navPages-item\">\n                {{> components/common/navigation-list}}\n            </li>\n        {{/each}}\n        {{#unless theme_settings.hide_content_navigation}}\n            {{#each pages}}\n                 <li class=\"navPages-item\">\n                     <a class=\"navPages-action\" href=\"{{url}}\">{{name}}</a>\n                 </li>\n             {{/each}}\n        {{/unless}}\n    </ul>\n    <ul class=\"navPages-list navPages-list--user\">\n        {{#if currency_selector.currencies.length '>' 1}}\n            <li class=\"navPages-item\">\n                <a class=\"navPages-action has-subMenu\" href=\"#\" data-collapsible=\"navPages-currency\" aria-controls=\"navPages-currency\" aria-expanded=\"false\">\n                    {{{lang 'common.currency' code=currency_selector.active_currency_code}}} <span class=\"icon navPages-action-moreIcon\" aria-hidden=\"true\"><svg><use xmlns:xlink=\"http://www.w3.org/1999/xlink\" xlink:href=\"#icon-chevron-down\"></use></svg></span>\n                </a>\n                <div class=\"navPage-subMenu\" id=\"navPages-currency\" aria-hidden=\"true\" tabindex=\"-1\">\n                    <ul class=\"navPage-subMenu-list\">\n                        {{#each currency_selector.currencies}}\n                        <li class=\"navPage-subMenu-item\">\n                            <a class=\"navPage-subMenu-action navPages-action\" href=\"{{{switch_url}}}\">\n                                {{#if is_active}}\n                                    <strong>{{name}}</strong>\n                                {{else}}\n                                    {{name}}\n                                {{/if}}\n                            </a>\n                        </li>\n                        {{/each}}\n                    </ul>\n                </div>\n            </li>\n        {{/if}}\n        <li class=\"navPages-item\">\n            <a class=\"navPages-action\" href=\"{{urls.gift_certificate.purchase}}\">{{lang 'common.gift_cert'}}</a>\n        </li>\n        {{#if customer.store_credit.value '>' 0}}\n            <li class=\"navPages-item\">\n                <a class=\"navPages-action navPages-action--storeCredit\">\n                    {{lang 'common.store_credit_overview' credit=customer.store_credit.formatted}}\n                </a>\n            </li>\n        {{/if}}\n        {{#if theme_settings.product_list_display_mode '==' 'list'}}\n            <li class=\"navPages-item\">\n                <a class=\"navPages-action navPages-action--compare\" href=\"{{urls.compare}}\" data-compare-nav>{{lang 'common.compare'}} <span class=\"countPill countPill--positive countPill--alt\"></span></a>\n            </li>\n        {{/if}}\n        {{#if customer}}\n            <li class=\"navPages-item\">\n                <a class=\"navPages-action has-subMenu\" href=\"{{urls.account.index}}\" data-collapsible=\"navPages-account\">\n                    {{lang 'common.account'}} <span class=\"icon navPages-action-moreIcon\" aria-hidden=\"true\"><svg><use xlink:href=\"#icon-chevron-down\" /></svg></span>\n                </a>\n                <div class=\"navPage-subMenu\" id=\"navPages-account\" aria-hidden=\"true\" tabindex=\"-1\">\n                    <ul class=\"navPage-subMenu-list\">\n                        <li class=\"navPage-subMenu-item\">\n                            <a class=\"navPage-subMenu-action navPages-action\" href=\"{{urls.account.orders.all}}\">{{lang 'account.nav.orders'}}</a>\n                        </li>\n                        {{#if settings.returns_enabled}}\n                            <li class=\"navPage-subMenu-item\">\n                                <a class=\"navPage-subMenu-action navPages-action\" href=\"{{urls.account.returns}}\">{{lang 'account.nav.returns'}}</a>\n                            </li>\n                        {{/if}}\n                        <li class=\"navPage-subMenu-item\">\n                            <a class=\"navPage-subMenu-action navPages-action\" href=\"{{urls.account.inbox}}\">{{lang 'account.mobile_nav.messages'}}</a>\n                        </li>\n                        <li class=\"navPage-subMenu-item\">\n                            <a class=\"navPage-subMenu-action navPages-action\" href=\"{{urls.account.addresses}}\">{{lang 'account.nav.addresses'}}</span></a>\n                        </li>\n                        {{#if settings.show_payment_methods}}\n                            <li class=\"navPage-subMenu-item\">\n                                <a class=\"navPage-subMenu-action navPages-action\" href=\"{{urls.account.payment_methods.all}}\">{{lang 'account.nav.payment_methods'}}</a>\n                            </li>\n                        {{/if}}\n                        <li class=\"navPage-subMenu-item\">\n                            <a class=\"navPage-subMenu-action navPages-action\" href=\"{{urls.account.wishlists.all}}\">{{lang 'account.mobile_nav.wishlists'}}</a>\n                        </li>\n                        <li class=\"navPage-subMenu-item\">\n                            <a class=\"navPage-subMenu-action navPages-action\" href=\"{{urls.account.recent_items}}\">{{lang 'account.nav.recently_viewed'}}</a>\n                        </li>\n                        <li class=\"navPage-subMenu-item\">\n                            <a class=\"navPage-subMenu-action navPages-action\" href=\"{{urls.account.details}}\">{{lang 'account.nav.settings'}}</a>\n                        </li>\n                    </ul>\n                </div>\n            </li>\n            <li class=\"navPages-item\">\n                <a class=\"navPages-action\" href=\"{{urls.auth.logout}}\">{{lang 'common.logout'}}</a>\n            </li>\n        {{else}}\n            <li class=\"navPages-item\">\n                <a class=\"navPages-action\" href=\"{{urls.auth.login}}\">{{lang 'common.login'}}</a> {{lang 'common.or'}} <a class=\"navPages-action\" href=\"{{urls.auth.create_account}}\">{{lang 'common.sign_up'}}</a>\n            </li>\n        {{/if}}\n    </ul>\n</nav>\n",
  "components/amp/products/list": "<ul class=\"productList\">\n    {{#each products}}\n\t    <li class=\"product\">\n\t\t\t{{>components/amp/products/list-item settings=../settings show_rating=../settings.show_product_rating theme_settings=../theme_settings}}\n\t    </li>\n    {{/each}}\n</ul>\n",
  "components/amp/products/grid": "<ul class=\"productGrid\">\n    {{#each products}}\n    <li class=\"product\">\n        {{>components/amp/products/card  settings=../settings show_rating=../settings.show_product_rating theme_settings=../theme_settings customer=../customer}}\n    </li>\n    {{/each}}\n</ul>\n",
  "components/amp/common/quick-search": "<form class=\"form\" method=\"get\" action=\"{{urls.search}}\" target=\"_top\">\n    <fieldset class=\"form-fieldset\">\n        <div class=\"form-field\">\n            <input class=\"form-input\" data-search-quick name=\"search_query\" id=\"search_query\" data-error-message=\"{{lang 'search.error.empty_field'}}\" placeholder=\"{{lang 'search.quick_search.input_placeholder'}}\" autocomplete=\"off\">\n        </div>\n    </fieldset>\n</form>\n<section class=\"quickSearchResults\" data-bind=\"html: results\"></section>\n",
  "components/amp/common/paginator": "<div class=\"pagination\">\n    <ul class=\"pagination-list\">\n        {{#if previous}}\n            <li class=\"pagination-item pagination-item--previous\">\n                <a class=\"pagination-link\" href=\"{{previous}}\" {{#unless reload}}data-faceted-search-facet{{/unless}}>\n                    <span class=\"icon\" aria-hidden=\"true\"><svg xmlns=\"http://www.w3.org/2000/svg\" width=\"24\" height=\"24\" viewBox=\"0 0 24 24\"><path d=\"M15.41 7.41L14 6l-6 6 6 6 1.41-1.41L10.83 12z\"/></svg></span>\n                    {{lang 'common.previous'}}\n                </a>\n            </li>\n        {{/if}}\n        {{#each links}}\n            {{#if this.number '==' ../current}}\n                <li class=\"pagination-item pagination-item--current\">\n                    <a class=\"pagination-link\" href=\"{{this.url}}\" {{#unless reload}}data-faceted-search-facet{{/unless}}>{{this.number}}</a>\n                </li>\n            {{else}}\n                <li class=\"pagination-item\">\n                    <a class=\"pagination-link\" href=\"{{this.url}}\" {{#unless reload}}data-faceted-search-facet{{/unless}}>{{this.number}}</a>\n                </li>\n            {{/if}}\n        {{/each}}\n\n        {{#if next}}\n            <li class=\"pagination-item pagination-item--next\">\n                <a class=\"pagination-link\" href=\"{{next}}\" {{#unless reload}}data-faceted-search-facet{{/unless}}>\n                    {{lang 'common.next'}}\n                    <span class=\"icon\" aria-hidden=\"true\"><svg xmlns=\"http://www.w3.org/2000/svg\" width=\"24\" height=\"24\" viewBox=\"0 0 24 24\"><path d=\"M10 6L8.59 7.41 13.17 12l-4.58 4.59L10 18l6-6z\"/></svg></span>\n                </a>\n            </li>\n        {{/if}}\n    </ul>\n</div>\n",
  "components/amp/products/list-item": "<article class=\"listItem\">\n    <figure class=\"listItem-figure\">\n        <amp-img src=\"{{getImage image 'productgallery_size' (cdn theme_settings.default_image_product)}}\" width=\"{{first (split theme_settings.productgallery_size 'x')}}\" height=\"{{last (split theme_settings.productgallery_size 'x')}}\" layout=\"responsive\" alt=\"{{image.alt}}\"></amp-img>\n    </figure>\n    <div class=\"listItem-body\">\n        <div class=\"listItem-content\">\n            <div class=\"listItem-details\">\n                {{#and rating show_rating}}\n                    <p class=\"listItem-rating\">{{> components/amp/products/ratings rating=rating}}</p>\n                {{/and}}\n                {{#if brand.name}}\n                <p class=\"listItem-brand\">{{brand.name}}</p>\n                {{/if}}\n                <h4 class=\"listItem-title\">\n                    <a href=\"{{url}}\">{{name}}</a>\n                </h4>\n                {{#if summary}}\n                    <p class=\"listItem-summary\">{{summary}}</p>\n                {{/if}}\n            </div>\n            <div class=\"listItem-actions\">\n                {{#if price}}\n                    <div class=\"listItem-price\">{{> components/products/price price=price}}</div>\n                {{/if}}\n                {{#unless hide_add_to_cart}}\n                    {{#if has_options}}\n                        <a href=\"{{url}}\" class=\"button button--primary\" data-product-id=\"{{id}}\">{{lang \"products.choose_options\"}}</a>\n                    {{else}}\n                        {{#if out_of_stock_message }}\n                        <a href=\"{{url}}\" class=\"button button--primary\">{{out_of_stock_message}}</a>\n                        {{else}}\n                        <a href=\"{{add_to_cart_url}}\" {{#if settings.data_tag_enabled}} data-event-type=\"product-click\" {{/if}} class=\"button button--primary\">{{lang \"products.add_to_cart\"}}</a>\n                        {{/if}}\n                    {{/if}}\n                {{/unless}}\n            </div>\n        </div>\n    </div>\n</article>\n",
  "components/common/navigation-list": "{{#if children}}\n<a class=\"navPages-action has-subMenu {{#if menu_type '==' 'vertical'}}navPages-action--vertical{{/if}}\" href=\"{{url}}\"\n    {{#if menu_type '!=' 'vertical'}}data-instantload{{/if}}\n    {{#if id '==' category.id}}data-current-category{{/if}}\n    data-collapsible=\"navPages-{{id}}{{idSuffix}}\"\n    {{#if menu_type '!=' 'vertical'}}data-collapsible-disabled-breakpoint=\"medium\"{{/if}}\n    data-collapsible-disabled-state=\"open\"\n    data-collapsible-enabled-state=\"closed\">\n    {{name}} <i class=\"icon navPages-action-moreIcon\" aria-hidden=\"true\"><svg><use xlink:href=\"#icon-chevron-down\" /></svg></i>\n</a>\n<div class=\"navPage-subMenu\n        {{#if menu_type '==' 'vertical'}}\n            navPage-subMenu--vertical\n        {{else if menu_type '==' 'standard'}}\n            navPage-subMenu--standard\n        {{/if}}\n    \" id=\"navPages-{{id}}{{idSuffix}}\" aria-hidden=\"true\" tabindex=\"-1\">\n    {{#if theme_settings.navPages_banners}}\n        {{#if menu_type '==' 'mega'}}\n            <div class=\"navPage-subMenu-rightBanners\" data-emthemesmodez-remote-banner=\"emthemesModezBannersBlockMegaMenuRight{{@index}}\"></div>\n        {{/if}}\n    {{/if}}\n    <ul class=\"navPage-subMenu-list\">\n        <li class=\"navPage-subMenu-item\">\n            <a class=\"navPage-subMenu-action navPages-action\" href=\"{{url}}\" data-instantload>{{lang 'category.view_all.name' category=name}}</a>\n        </li>\n        {{#each children}}\n            <li class=\"navPage-subMenu-item\">\n                {{#if children}}\n                    <a\n                        class=\"navPage-subMenu-action navPages-action has-subMenu\"\n                        href=\"{{url}}\"\n                        {{#if ../../menu_type '!=' 'vertical'}}data-instantload{{/if}}\n                        {{#if id '==' ../../category.id}}data-current-category{{/if}}\n                        data-collapsible=\"navPages-{{id}}{{../../idSuffix}}\"\n                        {{#if ../../menu_type '!=' 'vertical'}}data-collapsible-disabled-breakpoint=\"medium\"{{/if}}\n                        data-collapsible-disabled-state=\"open\"\n                        data-collapsible-enabled-state=\"closed\">\n                        {{name}} <i class=\"icon navPages-action-moreIcon\" aria-hidden=\"true\"><svg><use xlink:href=\"#icon-chevron-down\" /></svg></i>\n                    </a>\n                    <ul class=\"navPage-childList\" id=\"navPages-{{id}}{{../../idSuffix}}\">\n                        <li class=\"navPage-childList-item\">\n                            <a class=\"navPage-childList-action navPages-action\" href=\"{{url}}\" data-instantload>{{lang 'category.view_all.name' category=name}}</a>\n                        </li>\n                        {{#each children}}\n                        <li class=\"navPage-childList-item\">\n                            {{> components/common/navigation-list-child \n                                    category_id=../../../category.id \n                                    idSuffix=../../../idSuffix \n                                    theme_settings=../../../theme_settings\n                                    menu_type=../../../menu_type}}\n                        </li>\n                        {{/each}}\n                    </ul>\n                {{else}}\n                    <a class=\"navPage-subMenu-action navPages-action\" href=\"{{url}}\" data-instantload {{#if id '==' ../../category.id}}data-current-category{{/if}}>{{name}}</a>\n                {{/if}}\n            </li>\n        {{/each}}\n    </ul>\n    {{#if theme_settings.navPages_banners}}\n        {{#if menu_type '==' 'mega'}}\n            <div class=\"navPage-subMenu-bottomBanners\" data-emthemesmodez-remote-banner=\"emthemesModezBannersBlockMegaMenuBottom{{@index}}\"></div>\n        {{/if}}\n    {{/if}}\n</div>\n{{else}}\n<a class=\"navPages-action\" href=\"{{url}}\" data-instantload {{#if id '==' category.id}}data-current-category{{/if}}>{{name}}</a>\n{{/if}}\n",
  "components/amp/products/card": "<article class=\"card {{#if alternate}}card--alternate{{/if}}\">\n    <figure class=\"card-figure\">\n        {{#or price.non_sale_price_with_tax price.non_sale_price_without_tax}}\n            {{#if theme_settings.product_sale_badges}}\n                <div class=\"sale-sash\">\n                    <span class=\"sale-text\">On Sale!</span>\n                </div>\n            {{/if}}\n        {{/or}}\n        <a data-vars-product-link=\"{{url}}\" data-vars-product-id=\"{{id}}\" data-vars-product-name=\"{{name}}\" href=\"{{url}}\">\n            <amp-img class=\"card-image\" src=\"{{getImage image 'productgallery_size' (cdn theme_settings.default_image_product)}}\" width=\"{{first (split theme_settings.productgallery_size 'x')}}\" height=\"{{last (split theme_settings.productgallery_size 'x')}}\" layout=\"responsive\" alt=\"{{image.alt}}\"></amp-img>\n        </a>\n    </figure>\n    <div class=\"card-body\">\n        {{#and rating show_rating}}\n            <p class=\"card-text\" data-test-info-type=\"productRating\">\n                <span class=\"rating--small\">\n                    {{> components/amp/products/ratings rating=rating}}\n                </span>\n            </p>\n        {{/and}}\n        {{#if brand.name}}\n            <p class=\"card-text\" data-test-info-type=\"brandName\">{{brand.name}}</p>\n        {{/if}}\n        <h4 class=\"card-title\">\n            <a data-vars-product-link=\"{{url}}\" data-vars-product-id=\"{{id}}\" data-vars-product-name=\"{{name}}\" href=\"{{url}}\">{{name}}</a>\n        </h4>\n\n        <div class=\"card-text\" data-test-info-type=\"price\">\n            {{#or customer (if theme_settings.restrict_to_login '!==' true)}}\n                {{> components/products/price price=price customer=customer}}\n            {{else}}\n                {{> components/common/login-for-pricing}}\n            {{/or}}\n        </div>\n\n        {{#if theme_settings.show_sku}}\n        {{#if sku}}\n        <div class=\"card-text card-text--sku\" data-test-info-type=\"sku\">\n            {{{sku}}}\n        </div>\n        {{/if}}\n        {{/if}}\n    </div>\n</article>\n",
  "components/amp/products/ratings": "{{#for 1 5}}\n    {{#if ../this.rating '>=' $index}}\n        <span class=\"icon icon--ratingFull\">\n            <svg xmlns=\"http://www.w3.org/2000/svg\" width=\"26\" height=\"28\" viewBox=\"0 0 26 28\"><path d=\"M0 10.11q0-.58.875-.72L8.72 8.25l3.515-7.11Q12.532.5 13 .5t.767.64l3.516 7.11 7.844 1.14q.875.14.875.72 0 .343-.406.75l-5.672 5.53 1.344 7.812q.016.11.016.313 0 .328-.164.555t-.477.227q-.297 0-.625-.187l-7.016-3.687-7.016 3.687q-.344.187-.625.187-.327 0-.49-.227t-.165-.555q0-.094.03-.313L6.08 16.39.392 10.86q-.39-.423-.39-.75z\"/></svg>\n        </span>\n    {{else}}\n        <span class=\"icon icon--ratingEmpty\">\n            <svg xmlns=\"http://www.w3.org/2000/svg\" width=\"26\" height=\"28\" viewBox=\"0 0 26 28\"><path d=\"M0 10.11q0-.58.875-.72L8.72 8.25l3.515-7.11Q12.532.5 13 .5t.767.64l3.516 7.11 7.844 1.14q.875.14.875.72 0 .343-.406.75l-5.672 5.53 1.344 7.812q.016.11.016.313 0 .328-.164.555t-.477.227q-.297 0-.625-.187l-7.016-3.687-7.016 3.687q-.344.187-.625.187-.327 0-.49-.227t-.165-.555q0-.094.03-.313L6.08 16.39.392 10.86q-.39-.423-.39-.75z\"/></svg>\n        </span>\n    {{/if}}\n{{/for}}\n{{{snippet 'product_rating'}}}\n",
  "components/common/navigation-list-child": "{{#if children}}\n    <a\n        class=\"navPage-childList-action navPages-action has-subMenu\" \n        href=\"{{url}}\"\n        {{#if menu_type '!=' 'vertical'}}data-instantload{{/if}}\n        {{#if id '==' category_id}}data-current-category{{/if}}\n        data-collapsible=\"navPages-{{id}}{{idSuffix}}\"\n        {{#if menu_type '!=' 'vertical'}}data-collapsible-disabled-breakpoint=\"medium\"{{/if}}\n        data-collapsible-disabled-state=\"open\"\n        data-collapsible-enabled-state=\"closed\">\n        {{name}} <i class=\"icon navPages-action-moreIcon\" aria-hidden=\"true\"><svg><use xlink:href=\"#icon-chevron-down\" /></svg></i>\n    </a>\n    <ul class=\"navPage-childList\" id=\"navPages-{{id}}{{idSuffix}}\">\n        <li class=\"navPage-childList-item\">\n            <a class=\"navPage-childList-action navPages-action\" data-instantload href=\"{{url}}\">{{lang 'category.view_all.name' category=name}}</a>\n        </li>\n        {{#each children}}\n            <li class=\"navPage-childList-item\">\n                {{> components/common/navigation-list-child \n                    category_id=../category_id \n                    idSuffix=../idSuffix \n                    theme_settings=../theme_settings\n                    menu_type=../menu_type}}\n            </li>\n        {{/each}}\n    </ul>\n{{else}}\n    <a class=\"navPage-childList-action navPages-action\" data-instantload href=\"{{url}}\" {{#if id '==' category_id}}data-current-category{{/if}}>{{name}}</a>\n{{/if}}\n",
  "components/products/price": "{{! Supermarket: \n    Add class: price-was-label, price--main\n}}\n{{!-- There are 2 code paths for generating the PDP pricing HTML determined by the following #and condition. \n    If a 'price_range' exists then we generate all HTML in price-range.html, otherwise it is defined here. Both code\n    paths generate the same HTML structure with some differences in whether that element is displayed by default (css styling).\n    \n    If you are making a change here or in price-range.html, you probably want to make that change in both files. --}}\n    \n    {{#and price.price_range (if theme_settings.price_ranges '==' true)}}\n        {{> components/products/price-range price=price schema_org=schema_org}}\n    {{else}}\n        {{#if price.with_tax}}\n            <div class=\"price-section price-section--withTax rrp-price--withTax\" {{#unless price.rrp_with_tax}}style=\"display: none;\"{{/unless}}>\n                <span class=\"price-was-label\">{{theme_settings.pdp-retail-price-label}}</span>\n                <span data-product-rrp-with-tax class=\"price price--rrp\">\n                    {{price.rrp_with_tax.formatted}}\n                </span>\n            </div>\n            <div class=\"price-section price-section--withTax\" {{#if schema_org}}itemprop=\"offers\" itemscope itemtype=\"https://schema.org/Offer\"{{/if}}>\n                <span class=\"price-label\" {{#if price.non_sale_price_with_tax}}style=\"display: none;\"{{/if}}>\n                    {{theme_settings.pdp-price-label}}\n                </span>\n                <span class=\"price-now-label\" {{#unless price.non_sale_price_with_tax}}style=\"display: none;\"{{/unless}}>\n                    {{theme_settings.pdp-sale-price-label}}\n                </span>\n                <span data-product-price-with-tax class=\"price price--withTax price--main\">{{price.with_tax.formatted}}</span>\n                {{#if schema_org}}\n                    <meta itemprop=\"url\" content=\"{{product.url}}\">\n                    <meta itemprop=\"availability\" itemtype=\"https://schema.org/ItemAvailability\"\n                        content=\"https://schema.org/{{#if product.pre_order}}PreOrder{{else if product.out_of_stock}}OutOfStock{{else if product.can_purchase '===' false}}OutOfStock{{else}}InStock{{/if}}\">\n                    <meta itemprop=\"itemCondition\" itemtype=\"https://schema.org/OfferItemCondition\" content=\"https://schema.org/{{product.condition}}Condition\">\n                    <meta itemprop=\"price\" content=\"{{toFixed price.with_tax.value settings.money.decimal_places}}\">\n                    <meta itemprop=\"priceCurrency\" content=\"{{currency_selector.active_currency_code}}\">\n                    <meta itemprop=\"priceValidUntil\" content='{{moment \"next year\" \"YYYY-MM-DD\"}}'>\n                    <div itemprop=\"priceSpecification\" itemscope itemtype=\"https://schema.org/PriceSpecification\">\n                        <meta itemprop=\"price\" content=\"{{toFixed price.with_tax.value settings.money.decimal_places}}\">\n                        <meta itemprop=\"priceCurrency\" content=\"{{currency_selector.active_currency_code}}\">\n                        <meta itemprop=\"valueAddedTaxIncluded\" content=\"true\">\n                    </div>\n                {{/if}}\n                {{#if price.without_tax}}\n                    <abbr title=\"{{lang 'products.including_tax'}}\">{{lang 'products.price_with_tax' tax_label=price.tax_label}}</abbr>\n                {{/if}}\n            </div>\n            <div class=\"price-section price-section--withTax non-sale-price--withTax\" {{#unless price.non_sale_price_with_tax}}style=\"display: none;\"{{/unless}}>\n                <span class=\"price-was-label\">{{theme_settings.pdp-non-sale-price-label}}</span>\n                <span data-product-non-sale-price-with-tax class=\"price price--non-sale\">\n                    {{price.non_sale_price_with_tax.formatted}}\n                </span>\n            </div>\n        {{/if}}\n        {{#if price.without_tax}}\n            <div class=\"price-section price-section--withoutTax rrp-price--withoutTax{{#if price.with_tax}} price-section--minor{{/if}}\" {{#unless price.rrp_without_tax}}style=\"display: none;\"{{/unless}}>\n                <span class=\"price-was-label\">{{theme_settings.pdp-retail-price-label}}</span>\n                <span data-product-rrp-price-without-tax class=\"price price--rrp\"> \n                    {{price.rrp_without_tax.formatted}}\n                </span>\n            </div>\n            <div class=\"price-section price-section--withoutTax\" {{#if schema_org}}itemprop=\"offers\" itemscope itemtype=\"https://schema.org/Offer\"{{/if}}>\n                <span class=\"price-label\" {{#if price.non_sale_price_without_tax}}style=\"display: none;\"{{/if}}>\n                    {{theme_settings.pdp-price-label}}\n                </span>\n                <span class=\"price-now-label\" {{#unless price.non_sale_price_without_tax}}style=\"display: none;\"{{/unless}}>\n                    {{theme_settings.pdp-sale-price-label}}\n                </span>\n                <span data-product-price-without-tax class=\"price price--withoutTax{{#if price.with_tax}} price-section--minor{{/if}} price--main\">{{price.without_tax.formatted}}</span>\n                {{#if schema_org}}\n                    <meta itemprop=\"url\" content=\"{{product.url}}\">\n                    <meta itemprop=\"availability\" itemtype=\"https://schema.org/ItemAvailability\"\n                        content=\"https://schema.org/{{#if product.pre_order}}PreOrder{{else if product.out_of_stock}}OutOfStock{{else if product.can_purchase '===' false}}OutOfStock{{else}}InStock{{/if}}\">\n                    <meta itemprop=\"itemCondition\" itemtype=\"https://schema.org/OfferItemCondition\" content=\"https://schema.org/{{product.condition}}Condition\">\n                    <meta itemprop=\"price\" content=\"{{toFixed price.without_tax.value settings.money.decimal_places}}\">\n                    <meta itemprop=\"priceCurrency\" content=\"{{currency_selector.active_currency_code}}\">\n                    <meta itemprop=\"priceValidUntil\" content='{{moment \"next year\" \"YYYY-MM-DD\"}}'>\n                    <div itemprop=\"priceSpecification\" itemscope itemtype=\"https://schema.org/PriceSpecification\">\n                        <meta itemprop=\"price\" content=\"{{toFixed price.without_tax.value settings.money.decimal_places}}\">\n                        <meta itemprop=\"priceCurrency\" content=\"{{currency_selector.active_currency_code}}\">\n                        <meta itemprop=\"valueAddedTaxIncluded\" content=\"false\">\n                    </div>\n                {{/if}}\n                {{#if price.with_tax}}\n                    <abbr title=\"{{lang 'products.excluding_tax'}}\">{{lang 'products.price_without_tax' tax_label=price.tax_label}}</abbr>\n                {{/if}}\n            </div>\n            <div class=\"price-section price-section--withoutTax non-sale-price--withoutTax{{#if price.with_tax}} price-section--minor{{/if}}\" {{#unless price.non_sale_price_without_tax}}style=\"display: none;\"{{/unless}}>\n                <span class=\"price-was-label\">{{theme_settings.pdp-non-sale-price-label}}</span>\n                <span data-product-non-sale-price-without-tax class=\"price price--non-sale\">\n                    {{price.non_sale_price_without_tax.formatted}}\n                </span>\n            </div>\n        {{/if}}\n        {{#if page_type '===' 'product'}}\n             <div class=\"price-section price-section--saving\" {{#unless price.saved}}style=\"display: none;\"{{/unless}}>\n                    <span class=\"price\">{{lang 'products.you_save_opening_text'}}</span>\n                    <span data-product-price-saved class=\"price price--saving\">\n                        {{price.saved.formatted}}\n                    </span>\n                    <span class=\"price\">{{lang 'products.you_save_closing_bracket'}}</span>\n             </div>\n        {{/if}}\n    {{/and}}\n    \n",
  "components/common/login-for-pricing": "<a class=\"price--login\" href=\"/login.php\" translate>Log in for pricing</a>\n",
  "components/products/price-range": "{{#and price.price_range.min.with_tax price.price_range.max.with_tax}}{{! Added by Papathemes to fix display tax/non-tax retail price when select product option }}\n{{#and price.retail_price_range.min.with_tax price.retail_price_range.max.with_tax}}\n    <div class=\"price-section price-section--withTax rrp-price--withTax\">\n        <span class=\"price-was-label\">{{theme_settings.pdp-retail-price-label}}</span>\n        <span data-product-rrp-price-with-tax class=\"price price--rrp\">{{price.retail_price_range.min.with_tax.formatted}} - {{price.retail_price_range.max.with_tax.formatted}}</span>\n    </div>\n{{else}}\n    {{#if price.with_tax}}\n        <div class=\"price-section price-section--withTax rrp-price--withTax\" style=\"display: none;\">\n            <span class=\"price-was-label\">{{theme_settings.pdp-retail-price-label}}</span>\n            <span data-product-rrp-with-tax class=\"price price--rrp\">\n                {{price.rrp_with_tax.formatted}}\n            </span>\n        </div>\n    {{/if}}\n{{/and}}\n{{/and}}\n{{#and price.price_range.min.with_tax price.price_range.max.with_tax}}\n    <div class=\"price-section price-section--withTax\" {{#if schema_org}}itemprop=\"offers\" itemscope itemtype=\"https://schema.org/Offer\"{{/if}}>\n        <span class=\"price-label\">{{theme_settings.pdp-price-label}}</span>\n        <span class=\"price-now-label\" style=\"display: none;\">{{theme_settings.pdp-sale-price-label}}</span>\n        <span data-product-price-with-tax class=\"price price--withTax price--main\">{{price.price_range.min.with_tax.formatted}} - {{price.price_range.max.with_tax.formatted}}</span>\n        {{#and price.price_range.min.without_tax price.price_range.max.without_tax}}\n            <abbr title=\"{{lang 'products.including_tax'}}\">{{lang 'products.price_with_tax' tax_label=price.price_range.min.tax_label}}</abbr>\n        {{/and}}\n        {{#if schema_org}}\n            <meta itemprop=\"url\" content=\"{{product.url}}\">\n            <meta itemprop=\"availability\" itemtype=\"https://schema.org/ItemAvailability\"\n                content=\"https://schema.org/{{#if product.pre_order}}PreOrder{{else if product.out_of_stock}}OutOfStock{{else if product.can_purchase '===' false}}OutOfStock{{else}}InStock{{/if}}\">\n            <meta itemprop=\"itemCondition\" itemtype=\"https://schema.org/OfferItemCondition\" content=\"https://schema.org/{{product.condition}}Condition\">\n            <meta itemprop=\"price\" content=\"{{toFixed price.price_range.min.with_tax.value settings.money.decimal_places}}\">\n            <meta itemprop=\"priceCurrency\" content=\"{{currency_selector.active_currency_code}}\">\n            <meta itemprop=\"priceValidUntil\" content='{{moment \"next year\" \"YYYY-MM-DD\"}}'>\n            <div itemprop=\"priceSpecification\" itemscope itemtype=\"https://schema.org/PriceSpecification\">\n                <meta itemprop=\"minPrice\" content=\"{{toFixed price.price_range.min.with_tax.value settings.money.decimal_places}}\"/>\n                <meta itemprop=\"price\" content=\"{{toFixed price.price_range.min.with_tax.value settings.money.decimal_places}}\">\n                <meta itemprop=\"maxPrice\" content=\"{{toFixed price.price_range.max.with_tax.value settings.money.decimal_places}}\"/>\n                <meta itemprop=\"priceCurrency\" content=\"{{currency_selector.active_currency_code}}\">\n                <meta itemprop=\"valueAddedTaxIncluded\" content=\"true\">\n            </div>\n        {{/if}}\n    </div>\n    {{!-- Never display the \"non-sales price\" if there is a price range to be shown, but we do want the element on the page --}}\n    <div class=\"price-section price-section--withTax non-sale-price--withTax\" style=\"display: none;\">\n        <span class=\"price-was-label\">{{theme_settings.pdp-non-sale-price-label}}</span>\n        <span data-product-non-sale-price-with-tax class=\"price price--non-sale\">\n            {{price.non_sale_price_with_tax.formatted}}\n        </span>\n    </div>\n{{/and}}\n{{#and price.retail_price_range.min.without_tax price.retail_price_range.max.without_tax}}\n    <div class=\"price-section price-section--withoutTax rrp-price--withoutTax{{#if price.with_tax}} price-section--minor{{/if}}\">\n        <span class=\"price-was-label\">{{theme_settings.pdp-retail-price-label}}</span>\n        <span data-product-rrp-price-without-tax class=\"price price--rrp\">{{price.retail_price_range.min.without_tax.formatted}} - {{price.retail_price_range.max.without_tax.formatted}}</span>\n    </div>\n{{else}}\n    {{#if price.without_tax}}\n        <div class=\"price-section price-section--withoutTax rrp-price--withoutTax{{#if price.with_tax}} price-section--minor{{/if}}\" style=\"display: none;\">\n            <span class=\"price-was-label\">{{theme_settings.pdp-retail-price-label}}</span>\n            <span data-product-rrp-price-without-tax class=\"price price--rrp\">\n                {{price.rrp_without_tax.formatted}}\n            </span>\n        </div>\n    {{/if}}\n{{/and}}\n{{#and price.price_range.min.without_tax price.price_range.max.without_tax}}\n    <div class=\"price-section price-section--withoutTax{{#and price_range.min.with_tax price_range.max.with_tax}} price-section--minor{{/and}}\" {{#if schema_org}}itemprop=\"offers\" itemscope itemtype=\"https://schema.org/Offer\"{{/if}}>\n        <span class=\"price-label\">{{theme_settings.pdp-price-label}}</span>\n        <span class=\"price-now-label\" style=\"display: none;\">{{theme_settings.pdp-sale-price-label}}</span>\n        <span data-product-price-without-tax class=\"price price--withoutTax price--main\">{{price.price_range.min.without_tax.formatted}} - {{price.price_range.max.without_tax.formatted}}</span>\n        {{#and price.price_range.min.with_tax price.price_range.max.with_tax}}\n            <abbr title=\"{{lang 'products.excluding_tax'}}\">{{lang 'products.price_without_tax' tax_label=price.price_range.min.tax_label}}</abbr>\n        {{/and}}\n        {{#if schema_org}}\n            <meta itemprop=\"url\" content=\"{{product.url}}\">\n            <meta itemprop=\"availability\" itemtype=\"https://schema.org/ItemAvailability\"\n                content=\"https://schema.org/{{#if product.pre_order}}PreOrder{{else if product.out_of_stock}}OutOfStock{{else if product.can_purchase '===' false}}OutOfStock{{else}}InStock{{/if}}\">\n            <meta itemprop=\"itemCondition\" itemtype=\"https://schema.org/OfferItemCondition\" content=\"https://schema.org/{{product.condition}}Condition\">\n            <meta itemprop=\"price\" content=\"{{toFixed price.price_range.min.without_tax.value settings.money.decimal_places}}\">\n            <meta itemprop=\"priceCurrency\" content=\"{{currency_selector.active_currency_code}}\">\n            <meta itemprop=\"priceValidUntil\" content='{{moment \"next year\" \"YYYY-MM-DD\"}}'>\n            <div itemprop=\"priceSpecification\" itemscope itemtype=\"https://schema.org/PriceSpecification\">\n                <meta itemprop=\"minPrice\" content=\"{{toFixed price.price_range.min.without_tax.value settings.money.decimal_places}}\"/>\n                <meta itemprop=\"price\" content=\"{{toFixed price.price_range.min.without_tax.value settings.money.decimal_places}}\">\n                <meta itemprop=\"maxPrice\" content=\"{{toFixed price.price_range.max.without_tax.value settings.money.decimal_places}}\"/>\n                <meta itemprop=\"priceCurrency\" content=\"{{currency_selector.active_currency_code}}\">\n                <meta itemprop=\"valueAddedTaxIncluded\" content=\"false\">\n            </div>\n        {{/if}}\n    </div>\n    {{!-- Never display the \"non-sales price\" if there is a price range to be shown, but we do want the element on the page --}}\n    <div class=\"price-section price-section--withoutTax non-sale-price--withoutTax{{#if price.with_tax}} price-section--minor{{/if}}\" style=\"display: none;\">\n        <span class=\"price-was-label\">{{theme_settings.pdp-non-sale-price-label}}</span>\n        <span data-product-non-sale-price-without-tax class=\"price price--non-sale\">\n            {{price.non_sale_price_without_tax.formatted}}\n        </span>\n    </div>\n{{/and}}\n\n{{!-- Never display the \"saving price\" element by default if there is a price range on the page to be shown --}}\n{{#if page_type '===' 'product'}}\n     <div class=\"price-section price-section--saving price\" style=\"display: none;\">\n            <span class=\"price\">{{lang 'products.you_save_opening_text'}}</span>\n            <span data-product-price-saved class=\"price price--saving\">\n                {{price.saved.formatted}}\n            </span>\n            <span class=\"price\">{{lang 'products.you_save_closing_bracket'}}</span>\n     </div>\n{{/if}}\n"
}